Kimberly Klacik,Republican,Special elections,0,kimKBaltimore,kimKBaltimore,100,kimKBaltimore,100,kimKBaltimore,100
Christy Smith,politician,Special elections,0,ChristySmithCA,ChristySmithCA,100,rpyers,27,C_Shaughnessy,44
Tricia Zunker,Democratic,Special elections,0,TriciaforWI,TriciaforWI,100,TriciaforWI,100,TriciaforWI,100
Nate McMurray,Democratic,Special elections,0,Nate_McMurray,Nate_McMurray,100,Nate_McMurray,100,Nate_McMurray,100
Robert Michael Franklin Jr.,Democratic,Special elections,0,antwann4real,antwann4real,86,MrGerrenalist,40,None,0
James Averhart,Democratic,Alabama,1,JAverhart2020,JAverhart2020,90,JAverhart2020,90,suchitrav,31
Phyllis Harvey-Hall,Democratic,Alabama,2,PhyllisDHHall,PhyllisDHHall,100,PhyllisDHHall,100,PhyllisDHHall,100
Adia Winfrey,Democratic,Alabama,3,drdia,drdia,86,drdia,86,davidbanner,42
Rick Neighbors,Democratic,Alabama,4,VoteNeighbors,Sondita,90,rickporter,56,VoteNeighbors,90
Alyse Galvin,Independent,Alaska,1,AlyseGalvin,AlyseGalvin,90,AlyseGalvin,90,AlyseGalvin,90
Tiffany Shedd,Republican,Arizona,1,Tiffany_Shedd,Tiffany_Shedd,100,Tiffany_Shedd,100,Tiffany_Shedd,100
Brandon Martin,Republican,Arizona,2,PathForFreedom,martinbrandon_,100,Netflixhelps,25,PathForFreedom,100
Daniel Wood,Republican,Arizona,3,Wdwood16,Wdwood16,100,Wdwood16,100,ehananoki,25
Delina DiSanto,Democratic,Arizona,4,delina4az,delina4az,100,delina4az,100,delina4az,100
Joan Greene,Democratic,Arizona,5,joangreeneaz,joangreeneaz,100,joangreeneaz,100,joangreeneaz,100
Hiral Tipirneni,Democratic,Arizona,6,hiral4congress,thehill,53,thehill,53,hiral4congress,95
Joshua Barnett,Republican,Arizona,7,JoshuaBarnett,JoshuaBarnett,100,joshua_zimm,50,None,0
Michael Muscato,Democratic,Arizona,8,michael_muscato,michael_muscato,100,michael_muscato,100,michael_muscato,100
Dave Giles,Republican,Arizona,9,davejgiles,davejgiles,100,davejgiles,100,VoteGiles,90
Joyce Elliott,Democratic,Arkansas,2,xjelliott,xjelliott,100,xjelliott,100,ademillo,44
Celeste Williams,Democratic,Arkansas,3,CelesteforAR,CBramonte,100,CBramonte,100,CelesteforAR,100
Michael Kalagias,Libertarian,Arkansas,3,KalagiasforUS,KalagiasforUS,64,KalagiasforUS,64,KalagiasforUS,64
William Hanson,Democratic,Arkansas,4,hannahazzopardi,hannahazzopardi,90,brionymaybakes,58,KATVNews,40
Frank Gilbert,Libertarian,Arkansas,4,PFGilbert,PFGilbert,100,RealBenGilbert,75,ARSecofState,31
Audrey Denney,Democratic,California,1,ryanjbell,SierraCoBigTree,69,ryanjbell,36,eqca,29
Dale Mensing,Republican,California,2,eurekaTS,redblackmondays,52,eurekaTS,44,marinij,43
Tamika Hamilton,Republican,California,3,TamikaGHamilton,TamikaGHamilton,100,TamikaGHamilton,100,TamikaGHamilton,100
Brynne Kennedy,Democratic,California,4,BrynneSpeak,BrynneKennedy,100,BrynneSpeak,100,BrynneSpeak,100
Scott Giblin,Republican,California,5,Giblin_C,Giblin_C,86,kishineff,45,JWTyler4USRep,21
Chris Bish,Republican,California,6,BishForCongress,BishForCongress,100,BishForCongress,100,BishForCongress,100
Buzz Patterson,Republican,California,7,BuzzPatterson,BuzzPatterson,100,BuzzPatterson,100,CATargetBot,32
Christine Bubser,Democratic,California,8,rpyers,CrownPottery,57,rpyers,38,rmhagen,31
Tony Amador,Republican,California,9,amadort75,amadort75,100,Tony_Spina,57,CapitolAlert,42
Ted Howze,Republican,California,10,Ted_Howze,Ted_Howze,100,Ted_Howze,100,TJCoxCongress,45
Nisha Sharma,Republican,California,11,UsaNisha,Nishi17228029,100,None,0,UsaNisha,90
Shahid Buttar,Democratic,California,12,ShahidForChange,Sheeyahshee,100,ShahidForChange,90,rishikumar1,49
Nikka Piterman,Republican,California,13,NikkaGOP,NikkaGOP,100,NikkaGOP,100,CATargetBot,24
Ran Petel,Republican,California,14,CAGOP,smdailyjournal,50,CAGOP,36,CAGOP,36
Alison Hayden,Republican,California,15,Alison4Congress,Alison4Congress,90,Alison4Congress,90,Alison4Congress,90
Kevin Cookingham,Republican,California,16,KevCookingham,KevCookingham,100,CraigCaplan,29,CAGOP,36
Ritesh Tandon,Republican,California,17,tandon4congress,tandon4congress,90,tandon4congress,90,tandon4congress,90
Rishi Kumar,Democratic,California,18,MusicianRishi,Rishiku08193091,100,MusicianRishi,100,rishikumar1,90
Justin Aguilera,Republican,California,19,JoinJustin19,JustinAguilera_,100,billboardlatin,45,JoinJustin19,100
Jeff Gorman,Republican,California,20,JeffGormanMRY,JeffGorman_,100,JeffGormanMRY,90,JeffGormanMRY,90
TJ Cox,Democratic,California,21,VickyGCox5,VickyGCox5,86,GabeMcDonald_,45,JMilesColeman,45
Phil Arballo,Democratic,California,22,PhilArballo,PhilArballo,100,PhilArballo,100,PhilArballo,100
Kim Mangone,Democratic,California,23,KimMangone,KimMangone,100,KimMangone,100,dumbassgenius,48
Andy Caldwell,Republican,California,24,andycaldwell,andycaldwell,100,andycaldwell,100,CAGOP,36
Christy Smith,politician,California,25,ChristySmithCA,ChristySmithCA,100,rpyers,27,C_Shaughnessy,44
Ronda Kennedy,Republican,California,26,Ronda4Congress,Ronda4Congress,100,Ronda4Congress,100,Ronda4Congress,100
Johnny Nalbandian,Republican,California,27,Johnny_Congress,Johnny_Congress,95,Johnny_Congress,95,Johnny_Congress,95
Eric Early,Republican,California,28,EricTweetsCAN,EricTweetsCAN,90,EricEngels,67,ChrisMarquette_,45
Angélica Dueñas,Democratic,California,29,Angelica4CA,AngieDueSan,100,Angelica4CA,86,Angelica4CA,86
Mark Reed,Republican,California,30,Reedy0013,Reedy0013,100,Nrw_Cathedral,31,andykleinman,27
Agnes Gibboney,Republican,California,31,agnes_gibboney,agnes_gibboney,90,MrMokelly,31,dcexaminer,42
Joshua Scott,Republican,California,32,joshuascottca32,TheeBlessedOne,100,jscott318,100,joshuascottca32,100
James Bradley,Republican,California,33,cityoftongues,cityoftongues,100,None,0,joejsmiddleton,46
David Kim,Democratic,California,34,marsapple,marsapple,100,None,0,davisliumd,60
Mike Cargile,Republican,California,35,LAmag,helen_cargile,72,CATargetBot,43,LAmag,45
Erin Cruz,Republican,California,36,RealErinCruz,mish_erin,100,RealErinCruz,86,RealErinCruz,86
Errol Webber,Republican,California,37,ErrolWebber,ErrolWebber,100,ErrolWebber,100,ErrolWebber,100
Michael Tolar,Democratic,California,38,MichaelTolar6,MichaelTolar6,100,MichaelTolar6,100,MichaelTolar6,100
Gil Cisneros,Democratic,California,39,gwcisneros,gwcisneros,87,GWtweets,48,RegisUniversity,50
Antonio Delgado,Republican,California,40,ieejairo,ieejairo,90,diariosevilla,50,farai,43
Aja Smith,Republican,California,41,AjaforCongress,AjaforCongress,100,AjaforCongress,100,AjaforCongress,100
Liam O'Mara,Democratic,California,42,LiamOMaraIV,LiamOMaraIV,95,LiamOMaraIV,95,Marston4ca42,48
Joe Collins,Republican,California,43,JoeColl14646994,JoeColl14646994,100,JoeColl14646994,100,RebelNewsOnline,38
Analilia Joya,Democratic,California,44,AnaLilia_Cv,AnaLilia_Cv,90,Univision34LA,40,None,0
Greg Raths,Republican,California,45,GregProops,RathsJet,90,GregProops,86,cacollegegop,36
James Waters,Republican,California,46,watersfor,jameswaters,100,SkyUK,30,watersfor,83
John Briscoe,Republican,California,47,johnfbriscoe,johnfbriscoe,100,ocregister,48,TheAuthorGuy,46
Harley Rouda,Democratic,California,48,HarleyRouda,x_r88,68,VoteCottie,30,HarleyRouda,100
Brian Maryott,Republican,California,49,brianlmaryott,brianlmaryott,95,brianlmaryott,95,CAGOP,36
Ammar Campa-Najjar,Democratic,California,50,ACampaNajjar,ACampaNajjar,100,ACampaNajjar,100,ACampaNajjar,100
Juan Hidalgo,Republican,California,51,Guancavilcajuan,Guancavilcajuan,100,None,0,RealErinCruz,22
Jim DeBello,Republican,California,52,DeBelloCongress,DeBelloCongress,100,DeBelloCongress,100,DeBelloCongress,100
Georgette Gómez,Democratic,California,53,SDGeorgette,SDGeorgette,100,SDGeorgette,100,SDGeorgette,100
Shane Bolling,Republican,Colorado,1,BollingShane,BollingShane,100,BollingShane,100,None,0
Jan Kok,Approval Voting,Colorado,1,Rijschoolmirrer,Rijschoolmirrer,100,None,0,None,0
Paul N. Fiorino,Unity,Colorado,1,votefiorino,votefiorino,88,None,0,None,0
Kyle Furey,Libertarian,Colorado,1,kylefurey,kylefurey,100,HFXMooseheads,26,None,0
Charlie Winn,Republican,Colorado,2,DrCharlieWinn,melling_charlie,90,DrCharlieWinn,90,None,0
Thom Atkinson,Libertarian,Colorado,2,ThomAtHome,ThomAtHome,100,TomMcIlroy,50,None,0
Gary Swing,Unity,Colorado,2,garytexasjess,SwingGary,100,garytexasjess,90,CoreyHutchins,42
Diane Mitsch Bush,Democratic,Colorado,3,RepDMB,Musicnerddanny,62,TheAspenTimes,40,RepDMB,100
John Ryan Keil,Libertarian,Colorado,3,julia_rentsch,JasonAntonacci,46,julia_rentsch,35,None,0
Critter Milton,Unity,Colorado,3,CritterMilton,CritterMilton,100,eagle4congress,52,None,0
Ike McCorkle,Democratic,Colorado,4,Ike4CO,IkeMcCorkle,100,Ike4CO,86,Ike4CO,86
Bruce Griffith,Libertarian,Colorado,4,SbcGriffith,SbcGriffith,100,UKRI_News,26,None,0
Laura Ireland,Unity,Colorado,4,LauraMcCor88,LauraMcCor88,90,IrelandAMVMTV,78,None,0
Jillian Freeland,Democratic,Colorado,5,hemantmehta,co_freeland,72,hemantmehta,36,IndivisibleTeam,28
Ed Duffett,Libertarian,Colorado,5,None,RevDuffett,78,None,0,None,0
Marcus Murphy,Independent,Colorado,5,SupermanMarc,SupermanMarc,100,murraylp,52,None,0
Rebecca Keltie,Unity,Colorado,5,Keltie4Congress,Keltie4Congress,100,Keltie4Congress,100,Keltie4Congress,100
Steve House,Republican,Colorado,6,shouser1000,shouser1000,100,ReclaimTS,50,JoeStGeorge,40
Norm Olsen,Libertarian,Colorado,6,norm_olsen,norm_olsen,100,krzysztofbosak,36,None,0
Jaimie Kulikowski,Unity,Colorado,6,JustinWingerter,amyadventurepro,40,JustinWingerter,30,None,0
Casper Stockham,Republican,Colorado,7,Casper4Colorado,Casper4Colorado,90,Casper4Colorado,90,Casper4Colorado,90
Ken Biles,Libertarian,Colorado,7,RalphKen_,RalphKen_,90,MzBerryThrows,50,None,0
David Olszta,Unity,Colorado,7,None,EricDavisMiddVT,45,None,0,None,0
Mary Fay,Republican,Connecticut,1,Fay4Congress,MFay1965,100,Fay4Congress,90,Fay4Congress,90
Thomas McCormick,Green,Connecticut,1,LisaMcCormickNJ,thomasmac9,100,LisaMcCormickNJ,86,None,0
Justin Anderson,Republican,Connecticut,2,AndersonMIX97,AndersonMIX97,100,rikognition,60,None,0
Cassandra Martineau,Green,Connecticut,2,_Caassy_,_Caassy_,90,the_dailycampus,44,None,0
Daniel Reale,Libertarian,Connecticut,2,danielbuttke,danielbuttke,90,Reale_Seguros,56,None,0
Margaret Streicker,Republican,Connecticut,3,ForStreicker,ForStreicker,100,ForStreicker,100,ForStreicker,100
Justin Paglino,Green,Connecticut,3,justin4all2,justin4all2,90,justin4all2,90,HowieHawkins,37
Jonathan Riddle,Republican,Connecticut,4,jonathan_riddle,jonathan_riddle,100,LanceMcAlister,33,None,0
Brian Merlen,Independent,Connecticut,4,votemerlen,votemerlen,100,brigurciullo,55,None,0
David Sullivan,Republican,Connecticut,5,DavidXSullivan,ParodySullivan,85,dailystar,50,DavidXSullivan,95
Bruce Walczak,Independent,Connecticut,5,DrLWalczak,DrLWalczak,86,Bruce_Archer89,64,None,0
Lee Murphy,Republican,Delaware,1,goMurph2020,pokerspudda,100,None,0,goMurph2020,95
Catherine Purcell,[[Independent Party of Delaware|Independent]],Delaware,1,KateMcMullin1,RobinKPurcell,73,KateMcMullin1,47,None,0
David Rogers,Libertarian,Delaware,1,DaverogersDavid,DaverogersDavid,100,None,0,RepHalRogers,73
Phil Ehr,Democratic,Florida,1,Thripp2020,lizmattphilly,64,Thripp2020,43,jeffschweers,34
Albert Oram,Independent,Florida,1,_AlbertoRam_,_AlbertoRam_,91,CATargetBot,36,None,0
Kim O'Connor,write-in,Florida,2,shallowbrigade,shallowbrigade,100,MiamiChamber,40,None,0
Adam Christensen,Democratic,Florida,3,AC4Congress2020,AC4Congress2020,100,AC4Congress2020,100,AC4Congress2020,100
Donna Deegan,Democratic,Florida,4,DonnaDeegan,DonnaDeegan,100,DonnaDeegan,100,DonnaDeegan,100
Gary Adler,Republican,Florida,5,ElectAdler,MigrantPickers,100,MigrantPickers,100,ElectAdler,100
Clint Curtis,Democratic,Florida,6,Clint4congress,Clint_Curtis_,100,Thripp2020,36,Clint4congress,100
Leo Valentín,Republican,Florida,7,drleovalentin,News13JeffAllen,57,News13JeffAllen,57,drleovalentin,86
William Garlington,Independent,Florida,7,billgarlington,billgarlington,95,ReporterBartonD,42,None,0
Jim Kennedy,Democratic,Florida,8,JimKAuthor,JimKAuthor,100,scottishfarmer,26,Florida_Today,33
Bill Olson,Republican,Florida,9,BWilliamsonNFL,zooming111,100,BWilliamsonNFL,86,TylerOlson1791,67
Vennia Francois,Republican,Florida,10,Vennia4Congress,Vennia4Congress,100,Vennia4Congress,100,Vennia4Congress,100
Dana Cottrell,Democratic,Florida,11,dana_cottrell,dana_cottrell,100,orlandosentinel,41,orlandosentinel,41
Kimberly Walker,Democratic,Florida,12,kw4congress,kw4congress,100,kw4congress,100,kw4congress,100
Anna Paulina Luna,Republican,Florida,13,yrnf,HelenAnn16,57,amandamakki,46,yrnf,53
Christine Quinn,Republican,Florida,14,ElectQuinn,Christi81813349,100,enews,43,ElectQuinn,100
Alan Cohn,Democratic,Florida,15,AlanMCohn,AlanMCohn,100,AlanMCohn,100,AlanMCohn,100
Margaret Good,Democratic,Florida,16,goodygood19good,goodygood19good,100,IcelandFoods,38,bradentonherald,41
Allen Ellison,Democratic,Florida,17,AllenLEllison,sunnykinsey8,90,AllenLEllison,90,AllenLEllison,90
Theodore Murray,Independent,Florida,17,vero_boomer,vero_boomer,86,garywhite13,43,None,0
Pam Keith,Democratic,Florida,18,PamKeithFL,PamKeithFL,90,PamKeithFL,90,PamKeithFL,90
K. W. Miller,Independent,Florida,18,LK96926215,LK96926215,86,fawfulfan,30,cstross,34
Cindy Banyai,Democratic,Florida,19,Cindy_Banyai_FL,Cindy_Banyai_FL,90,AllenLEllison,28,Ojeda4America,38
Greg Musselwhite,Republican,Florida,20,GregMusselwhit3,GregMusselwhit3,100,GregMusselwhit3,100,GregMusselwhit3,100
Laura Loomer,Republican,Florida,21,LesbLauraLoomer,LesbLauraLoomer,90,rayroa,51,ZTPetrizzo,36
Charleston Malkemus,Independent,Florida,21,VoteCharleston,VoteCharleston,90,CATargetBot,50,None,0
Jim Pruden,Republican,Florida,22,jimpruden,jimpruden,100,jana_pruden,71,None,0
Carla Spalding,Republican,Florida,23,carla_spalding,carla_spalding,90,carla_spalding,90,carla_spalding,90
Lavern Spicer,Republican,Florida,24,lavern_spicer,lavern_spicer,100,lavern_spicer,100,lavern_spicer,100
Christine Olivo,Independent,Florida,24,ChristineOlivo,ChristineOlivo,100,Christinefor24,71,Christinefor24,71
Debbie Mucarsel-Powell,Democratic,Florida,26,DebbieforFL,DebbieforFL,100,DebbieforFL,100,DebbieforFL,100
Donna Shalala,Democratic,Florida,27,DonnaShalala,DonnaShalala,95,DonnaShalala,95,journalsentinel,41
Joyce Griggs,Democratic,Georgia,1,joycegriggs,joycegriggs,100,WJCLNews,38,WSAV,17
Don Cole,Republican,Georgia,2,donkathy1,donkathy1,100,None,0,None,0
Val Almonord,Democratic,Georgia,3,valforcongress3,valforcongress3,90,valforcongress3,90,valforcongress3,90
Johsie Cruz,Republican,Georgia,4,JohsieC,JohsieC,90,None,0,voteslowinski,36
Angela Stanton-King,Republican,Georgia,5,Brutha_Al,Brutha_Al,86,AlvedaCKing,63,SBAList,50
Karen Handel,Republican,Georgia,6,Scout_Finch,IAmKrishanPatel,56,GA_DOI,38,Scout_Finch,52
Rich McCormick,Republican,Georgia,7,RichforGA,Niki_m8,60,dccc,45,RichforGA,90
Lindsay Holliday,Democratic,Georgia,8,Ms_L_Holliday,Ms_L_Holliday,100,Lindsay_Stein,66,None,0
Devin Pandy,Democratic,Georgia,9,DevinPandy,DevinPandy,86,DevinPandy,86,DevinPandy,86
Tabitha Johnson-Green,Democratic,Georgia,10,Tabitha57363624,Tabitha57363624,100,thelilynews,34,thelilynews,34
Dana Barrett,Democratic,Georgia,11,TheDanaBarrett,SuepremeL,100,IanBoothby,43,TheDanaBarrett,100
Liz Johnson,Democratic,Georgia,12,Liz_Johnson_MSV,Liz_Johnson_MSV,90,LittleSimz,36,None,0
Becky Hites,Republican,Georgia,13,SteelInsights,SteelInsights,95,Heritage_Action,44,Hites4Congress,37
Kevin Van Ausdal,Democratic,Georgia,14,shiratarlo,fightchaosnow,60,None,0,shiratarlo,37
Ron Curtis,Republican,Hawaii,1,rcurtis808,rcurtis808,100,rcurtis808,100,rcurtis808,100
Joe Akana,Republican,Hawaii,2,Joe_Akana,Joe_Akana,90,Joe_Akana,90,Joe_Akana,90
Michelle Tippens,Libertarian,Hawaii,2,michelletippens,michelletippens,95,hollyrpeete,42,None,0
Jonathan Hoomanawanui,Aloha Aina,Hawaii,2,JHoomanawanui,JHoomanawanui,100,RabalaisAdv,40,None,0
Ron Burrus,Independent,Hawaii,2,farahbrook,petrosb,54,farahbrook,38,None,0
John Giuffre,American Shopping,Hawaii,2,johntgiuffre,johntgiuffre,100,VRSVirginia,70,None,0
Rudy Soto,Democratic,Idaho,1,Rudy_7173,Rudy_7173,100,futurofm,48,IdahoStatesman,40
Joe Evans,Libertarian,Idaho,1,IDJoe4Congress,JoeEvans742,100,None,0,IDJoe4Congress,86
C. Aaron Swisher,Democratic,Idaho,2,Beisbologo,SamsonWiener,55,Beisbologo,40,None,0
Pro-Life,politician,Idaho,2,prolife_rebrand,prolife_rebrand,90,ERLC,43,RepLisaMcClain,43
Idaho Sierra Law,Libertarian,Idaho,2,sierrasandison,sierrasandison,86,AmeriCamp,38,None,0
Philanise White,Republican,Illinois,1,CraigCaplan,Philanisewhite1,80,CraigCaplan,42,None,0
Theresa Raborn,Republican,Illinois,2,Raborn4Congress,raborn_matthew,71,Raborn4Congress,55,Raborn4Congress,55
Mike Fricilone,Republican,Illinois,3,FriciloneMike,FriciloneMike,86,Suntimes,43,MarlenGarcia777,44
Jesus Solorio,Republican,Illinois,4,jesussoloriojr,Chuy_Solori0,100,jesussoloriojr,86,jesussoloriojr,86
Tommy Hanson,Republican,Illinois,5,thanson1990,thanson1990,100,CregStephenson,55,Suntimes,46
Thomas Wilda,Green,Illinois,5,thomaswilda,thomaswilda,100,None,0,None,0
Jeanne Ives,Republican,Illinois,6,JeanneIves,realjeanneives,81,MarkMaxwellTV,26,JeanneIves,100
Bill Redpath,Libertarian,Illinois,6,Digi_Biscuit,Digi_Biscuit,100,MarkBaileyMP,44,None,0
Craig Cameron,Republican,Illinois,7,craigcameron,craigcameron,100,traderadio,43,Suntimes,40
Tracy Jennings,Independent,Illinois,7,TracyJenningsIL,OHSweetT,100,TracyJenningsIL,90,TracyJenningsIL,90
Preston Nelson,Libertarian,Illinois,8,Prestonnelly,Prestonnelly,100,LancashireCC,45,None,0
Sargis Sangari,Republican,Illinois,9,VoteSangari,VoteSangari,70,VoteSangari,70,VoteSangari,70
Valerie Mukherjee,Republican,Illinois,10,VAL202049717670,VAL202049717670,86,valerie_ouellet,65,VoteSangari,28
Rick Laib,Republican,Illinois,11,Rick__Alday,Rick__Alday,86,CraigCaplan,48,None,0
Raymond Lenzi,Democratic,Illinois,12,__LENZI,__LENZI,90,tedgeoghegan,46,None,0
Betsy Dirksen Londrigan,Democratic,Illinois,13,RonHogan,WebbL03,54,RonHogan,50,MoveOn,45
Jim Oberweis,Republican,Illinois,14,JimOberweis,JimPierce2024,64,lorenacupcake,45,JimOberweis,100
Erika Weaver,Democratic,Illinois,15,erika_weaver,erika_weaver,100,Millie__Weaver,64,thesouthern,36
Dani Brzozowski,Democratic,Illinois,16,DaniForCongress,DaniForCongress,100,DaniForCongress,100,DaniForCongress,100
Esther Joy King,Republican,Illinois,17,esther4congress,esther4congress,100,esther4congress,100,esther4congress,100
George Petrilli,Democratic,Illinois,18,MichaelPetrilli,mike_petrilli,72,MichaelPetrilli,66,None,0
Mark Leyva,Republican,Indiana,1,Mark_yo_,Mark_yo_,90,ComplexSneakers,43,nwi,12
Michael Strauss,Libertarian,Indiana,1,RAMIST,RAMIST,100,None,0,nwi,25
Pat Hackett,Democratic,Indiana,2,HackettCongress,Legend1nTheM1st,100,HackettCongress,90,HackettCongress,90
Chip Coldiron,Democratic,Indiana,3,Chip4Congress,Chip4Congress,100,Chip4Congress,100,Chip4Congress,100
Joe Mackey,Democratic,Indiana,4,joe4hoosiers,joe4hoosiers,100,joe4hoosiers,100,joe4hoosiers,100
Christina Hale,Democratic,Indiana,5,chale0308,chale0308,100,BreannaNCooper,58,Victoria_Spartz,41
Kenneth Tucker,Libertarian,Indiana,5,kentenn,Kenneth25693050,100,kentenn,83,None,0
Jeannine Lee Lake,Democratic,Indiana,6,JeannineLeeLake,JeannineLeeLake,95,JeannineLeeLake,95,djhoover1013,33
Tom Ferkinhoff,Libertarian,Indiana,6,BillGRinehart,TheCourierTimes,37,BillGRinehart,37,eagle993,12
Susan Marie Smith,Republican,Indiana,7,LeoShane,didoIove,57,LeoShane,45,None,0
E. Thomasina Marsili,Democratic,Indiana,8,Hope_IN8,Hope_IN8,86,Hope_IN8,86,IndivisibleTeam,31
James Rodenberger,Libertarian,Indiana,8,jdrodenberger,jdrodenberger,86,93wibc,21,None,0
Andy Ruff,Democratic,Indiana,9,AndyRuffIN9,andy_ruff,100,None,0,AndyRuffIN9,90
Tonya Millis,Libertarian,Indiana,9,93wibc,Millistransfer,64,93wibc,38,None,0
Abby Finkenauer,Democratic,Iowa,1,sahilkapur,nevbavAlt,60,JenniferJJacobs,45,sahilkapur,46
Rita Hart,Democratic,Iowa,2,dorimicol25,dorimicol25,100,dorimicol25,100,Heritage_Action,60
David Young,Iowa politician,Iowa,3,YoungForIowa,DavidYo76688551,100,DanaFuchsTweet,38,YoungForIowa,100
Bryan Holder,Libertarian,Iowa,3,B_Ryanson,B_Ryanson,95,GehlkenNFL,37,LPIowa,38
J. D. Scholten,Democratic,Iowa,4,JDScholten,72MichiganPapa,86,jeremyndavis,31,JDScholten,96
Kali Barnett,Democratic,Kansas,1,KaliforKansas,KaliforKansas,100,KaliforKansas,100,kstatecollegian,41
Michelle De La Isla,Democratic,Kansas,2,tedlieu,BobLockout,61,KCStar,41,tedlieu,45
Robert Garrard,Libertarian,Kansas,2,RobertGarrard,RobertGarrard,100,JustinWingerter,33,CJOnline,21
Amanda Adkins,politician,Kansas,3,abiNzaksMa,abiNzaksMa,100,KansasDems,50,KCStar,41
Steve Hohe,Libertarian,Kansas,3,stevehoheks,stevehoheks,100,Chicago_Wolves,40,None,0
Laura Lombard,Democratic,Kansas,4,LauraLombard,LauraLombard,96,TAKEALOT,45,jonshorman,41
James Rhodes,Democratic,Kentucky,1,KyDems,vintageitonya,68,PewterReport,25,KyDems,33
Hank Linderman,Democratic,Kentucky,2,hank4ky,hank4ky,90,hank4ky,90,IndivisibleTeam,30
Robert Lee Perry,Libertarian,Kentucky,2,robertLeePerry,robertLeePerry,95,hissgldnmssr,38,None,0
Lewis Carter,Populist,Kentucky,2,LewisCa62955795,LewisCa62955795,100,alexgleitman,46,None,0
Rhonda Palazzo,Republican,Kentucky,3,Rhonda_McC,Rhonda_McC,86,ladd_sarah,42,Billy_Kobin,30
Alexandra Owensby,Democratic,Kentucky,4,AMOwensby,AMOwensby,90,AMOwensby,90,AMOwensby,90
Matthew Best,Democratic,Kentucky,5,matthewbest93,matthewbest93,100,LaticsOfficial,38,KyDems,36
Josh Hicks,Democratic,Kentucky,6,Welsh_ICE,GoshComics,64,Welsh_ICE,60,Rosie,40
Frank Harris,Libertarian,Kentucky,6,Frank2012007,Frank2012007,100,ReutersLegal,38,lpky,45
Lee Ann Dugas,Democratic,Louisiana,1,LeeDugas2001,LeeDugas2001,100,LeeDugas2001,100,LeeDugas2001,100
Howard Kearney,Libertarian,Louisiana,1,kearney,kearney,90,kearney,90,None,0
David Schilling,Republican,Louisiana,2,davidschilling,davidschilling,100,DenisonSports,29,None,0
Glenn Harris,Democratic,Louisiana,2,GlennHa27720482,GlennHa27720482,100,reidjohnson,40,None,0
Sheldon Vincent,Republican,Louisiana,2,themascavenger,themascavenger,86,vincentdonofrio,66,None,0
Belden Batiste,Independent,Louisiana,2,WWLTV,editor_b,51,WWLTV,43,None,0
Colby James,Independent,Louisiana,2,GrittySniddy,GrittySniddy,100,LynchOnSports,69,None,0
Braylon Harris,Democratic,Louisiana,3,Harris4US2020,Harris4US2020,100,Harris4US2020,100,Harris4US2020,100
Rob Anderson,Democratic,Louisiana,3,InTheShadowsIRi,InTheShadowsIRi,90,jaysonst,48,tomiahonen,48
Brandon Leleux,Libertarian,Louisiana,3,VoteScheirman,WhereIsJGaltNow,64,VoteScheirman,45,LarrySharpe,23
Kenny Houston,Democratic,Louisiana,4,KennyHoustonCD4,TheKennyRoda,86,BrentASJax,36,KennyHoustonCD4,100
Ryan Trundle,Democratic,Louisiana,4,ryantrundleCD4,eldnurt,100,ryantrundleCD4,90,ryantrundleCD4,90
Ben Gibson,Republican,Louisiana,4,The_Visitor,AndrewGigacz,68,The_Visitor,54,None,0
Lance Harris,Republican,Louisiana,5,lanceharris,lanceharris,100,BlakePater,54,KALBtv5,45
Dartanyon Williams,Democratic,Louisiana,6,daw_dartanyon,daw_dartanyon,95,foxsoultv,34,None,0
Shannon Sloan,Libertarian,Louisiana,6,Sloan650,Sloan650,100,chase_shannon,66,None,0
Richard Torregano,Independent,Louisiana,6,None,SandZaraA,45,None,0,None,0
Jay Allen,Republican,Maine,1,jayallen8,jayallen8,100,jayallen8,100,slaminsamNCM,32
Dale J. Crafts|Dale Crafts,Republican,Maine,2,dale_downton,dale_downton,86,J__Bondurant,41,None,0
Mia Mason,Democratic,Maryland,1,Mia4MD,Mia4MD,100,Mia4MD,100,Mia4MD,100
Johnny Ray Salling,Republican,Maryland,2,SenJohnnyRay,SenJohnnyRay,100,SenJohnnyRay,100,SenJohnnyRay,100
Charles Anthony,Republican,Maryland,3,Charles_Anthony,Charles_Anthony,100,JimLaPorta,43,ChrisPalombi,50
George McDermott,Republican,Maryland,4,successstreets1,successstreets1,100,jtlinder,37,None,0
Chris Palombi,Republican,Maryland,5,ChrisPalombi,ChrisPalombi,100,ChrisPalombi,100,FOXBaltimore,31
Neil Parrott,Republican,Maryland,6,neilparrott,neilparrott,90,neilparrott,90,BaltSunBrk,37
George Gluck,Green,Maryland,6,wbaltv11,stepgnf,60,GarrettSmithley,36,wbaltv11,36
Kimberly Klacik,Republican,Maryland,7,kimKBaltimore,kimKBaltimore,100,kimKBaltimore,100,kimKBaltimore,100
Gregory Coll,Republican,Maryland,8,CollforCongress,CollforCongress,100,CollforCongress,100,CollforCongress,100
Tracy Lovvorn,Republican,Massachusetts,2,WCVB,bwilson314,46,WCVB,42,milforddaily,32
Julie Hall,Republican,Massachusetts,4,Hall4CongressMA,mrs_julie_hall,100,Hall4CongressMA,90,Hall4CongressMA,90
Caroline Colarusso,Republican,Massachusetts,5,Select_Caroline,Select_Caroline,100,SueNBCBoston,43,None,0
John Paul Moran,Republican,Massachusetts,6,in_fil_trator,in_fil_trator,86,simonrug,37,andresoriano,43
"Roy Owens, Sr.",Independent,Massachusetts,7,PrinceProphet,PrinceProphet,95,hollyvhays,35,None,0
Jonathan Lott,Healthcare Environment Stability,Massachusetts,8,JonJorLott,JonJorLott,100,wcnc,52,None,0
Helen Brady,Republican,Massachusetts,9,helen_brady_,helen_brady_,100,mollylambert,33,None,0
Michael Manley,Coach Team America,Massachusetts,9,_MichaelManley,_MichaelManley,100,knowitall143,25,None,0
Dana Ferguson,Democratic,Michigan,1,TSN_Sports,TSN_Sports,60,TSN_Sports,60,CATargetBot,42
Ben Boren,Libertarian,Michigan,1,Rene__2010,Rene__2010,90,LauraBromet,38,None,0
Bryan Berghoef,Democratic,Michigan,2,pubtheologian,pubtheologian,95,pubtheologian,95,pubtheologian,95
Max Riekse,Libertarian,Michigan,2,Kluest,allminews,47,Kluest,43,None,0
Jean-Michel Creviere,Green,Michigan,2,cello4u,cello4u,90,CATargetBot,24,None,0
Gerald Van Sickle,U.S. Taxpayers,Michigan,2,BridgeMichigan,da5e_,45,BridgeMichigan,42,None,0
Hillary Scholten,Democratic,Michigan,3,HillaryScholten,HillaryScholten,100,HillaryScholten,100,HillaryScholten,100
Jerry Hilliard,Democratic,Michigan,4,HilliardForCong,HilliardForCong,100,HilliardForCong,100,HilliardForCong,100
David Canny,Libertarian,Michigan,4,DavidCanny1,DavidCanny1,100,TimSmithMP,17,None,0
Amy Slepr,Green,Michigan,4,AmySlepr,AmySlepr,100,None,0,None,0
Tim Kelly,Michigan politician,Michigan,5,timothykelly,DJTK73,100,DJTK73,100,timothykelly,100
Kathy Goodwin,Working Class,Michigan,5,katea9tails,katea9tails,100,Kathy_Valentine,57,None,0
James Harris,Libertarian,Michigan,5,JamesTHarris,JamesTHarris,95,JamesTHarris,95,philmatier,26
Jon Hoadley,Democratic,Michigan,6,JonHoadley,JonHoadley,100,JonHoadley,100,JonHoadley,100
Jeff DePoy,Libertarian,Michigan,6,RealSpikeCohen,neil_depoy,70,RealSpikeCohen,29,None,0
John Lawrence,Green,Michigan,6,Jfunk676,Jfunk676,100,None,0,jmartNYT,57
Gretchen Driskell,Democratic,Michigan,7,gdriskell,DexterMomof2,60,detroitnews,48,gdriskell,100
Paul Junge,Republican,Michigan,8,DetmerMike,nichtJoggie,50,DetmerMike,36,MarkCavitt,19
Joe Hartman,Libertarian,Michigan,8,joehartman,joehartman,100,None,0,FortWaynesNBC,37
Charles Langworthy,Republican,Michigan,9,charles_gaba,charles_gaba,62,charles_gaba,62,MargieArnett,40
Andrea Kirby,Working Class,Michigan,9,andreakirbyy,andreakirbyy,100,MsGlea,36,None,0
Mike Saliba,Libertarian,Michigan,9,michaelsaliba12,michaelsaliba12,100,None,0,None,0
Kimberly Bizon,Democratic,Michigan,10,electbizon2020,electbizon2020,90,electbizon2020,90,electbizon2020,90
Eric Esshaki,Republican,Michigan,11,EsshakiCongress,EsshakiCongress,90,EsshakiCongress,90,EsshakiCongress,90
Leonard Schwartz,Libertarian,Michigan,11,leonardschwartz,leonardschwartz,100,lpmi,45,None,0
Jeff Jones,Republican,Michigan,12,Vote_JeffJones,jefftxhomes,100,EmmaLGraney,38,Vote_JeffJones,100
Gary Walkowicz,Working Class,Michigan,12,MikeWayland,audreynick,48,MikeWayland,34,None,0
David Dudenhoefer,Republican,Michigan,13,americanshomer,americanshomer,86,SamDodgeMLive,40,None,0
Sam Johnson,Working Class,Michigan,13,RepMikeJohnson,MeaganJohnsonVO,62,pensfoundation,40,RepMikeJohnson,86
Articia Bomer,U.S. Taxpayers,Michigan,13,clarajanehen,andrea7482,60,clarajanehen,40,None,0
D. Etta Wilcoxon,Green,Michigan,13,FOX2News,FOX2News,48,FOX2News,48,Kurland4MI,24
Robert Patrick,Republican,Michigan,14,rahulpuri,subaracnoideo,68,rahulpuri,42,MadisonSiriusXM,40
Lisa Lane Gioia,Libertarian,Michigan,14,LindsayVanHulle,LindsayVanHulle,52,LindsayVanHulle,52,None,0
Philip Kolody,Working Class,Michigan,14,None,Detroit_Patch,29,None,0,None,0
Clyde Shabazz,Green,Michigan,14,ClydeShabazz,ClydeShabazz,100,PaulDoyle1,33,None,0
Dan Feehan,politician,Minnesota,1,bydanaferguson,JanetteD,55,repmattdean,53,bydanaferguson,61
Bill Rood,Legalize Cannabis,Minnesota,1,BillRood2,BillRood2,100,Lianne_Rood,60,None,0
Tyler Kistner,Republican,Minnesota,2,KistnerCongress,KistnerCongress,90,KistnerCongress,90,KistnerCongress,90
Adam Weeks,deceased,Minnesota,2,AdamDamnCuz,AdamDamnCuz,90,AdamWagner1,67,25NewsWEEK,45
Kendall Qualls,Republican,Minnesota,3,KendallQuallsMN,KendallQuallsMN,100,KendallQuallsMN,100,LewisForMN,32
Gene Rechtzigel,Republican,Minnesota,4,msirisperez,garyzac,45,msirisperez,40,billchilds,38
Susan Sindt,Legalize Cannabis,Minnesota,4,None,brad_sindt,67,None,0,None,0
Lacy Johnson,Republican,Minnesota,5,LacyJohnsonMN,lacysorcas,100,lacysorcas,100,LacyJohnsonMN,100
Michael Moore,Legal Marijuana,Minnesota,5,MMFlint,MortimerEsq,83,KaelWeston,42,MMFlint,100
Tawnja Zahradka,Democratic,Minnesota,6,Tawnja4Congress,TawnjaZahradka,100,Tawnja4Congress,90,Tawnja4Congress,90
Collin Peterson,Democratic,Minnesota,7,liz_crampton,blueMtn495,60,JMilesColeman,45,liz_crampton,52
Slater Johnson,Legal Marijuana,Minnesota,7,SlimSlater_,SlimSlater_,90,DaltonJ_Johnson,71,None,0
Rae Hart Anderson,Legalize Cannabis,Minnesota,7,GodisHere2day4U,GodisHere2day4U,100,ballotpedia,24,None,0
Quinn Nystrom,Democratic,Minnesota,8,QuinnNystrom,QuinnNystrom,100,QuinnNystrom,100,QuinnNystrom,100
Judith Schwartzbacker,Legalize Cannabis,Minnesota,8,None,JDugganMN,27,None,0,None,0
Antonia Eliason,Democratic,Mississippi,1,Antonia4MS1,AntoniaEliason,100,BenPEdwards,38,Antonia4MS1,90
Brian Flowers,Republican,Mississippi,2,presencefan,presencefan,100,BLacefield,57,None,0
Dot Benford,Democratic,Mississippi,3,ad_benford,ad_benford,86,msdemocrats,33,ashtonpittman,24
Anthony Rogers,Republican,Missouri,1,anthonomics,anthonomics,100,aldotcomSports,44,19thnews,45
Alex Furman,Libertarian,Missouri,1,Alexfurman_YT,Alexfurman_YT,100,AndyFurmanFSR,73,adamkokesh,32
Jill Schupp,Democratic,Missouri,2,JillSchupp,JillSchupp,100,JillSchupp,100,CraigCaplan,35
Martin Schulte,Libertarian,Missouri,2,Martin_Schulte,Martin_Schulte,93,MissouriLP,40,None,0
Megan Rezabek,Democratic,Missouri,3,MarinaSilvaKY3,Megan_Ries,68,MarinaSilvaKY3,40,None,0
Leonard J. Steinman II,Libertarian,Missouri,3,None,timrlai,51,None,0,None,0
Lindsey Simmons,Democratic,Missouri,4,LynzforCongress,LynzforCongress,100,LynzforCongress,100,LisaGinKC,34
Steven K. Koonse,Libertarian,Missouri,4,None,PoliticsMulti,20,None,0,None,0
Ryan Derks,Republican,Missouri,5,Ryan_Derks,Ryan_Derks,100,BryanLowry3,57,None,0
Robin Dominick,Libertarian,Missouri,5,RobinRD4MO,RobinRD4MO,100,RobinRD4MO,100,MissouriLP,30
Gena L. Ross,Democratic,Missouri,6,GenaRossforMO6,DrGenaLRoss,95,GenaRossforMO6,86,None,0
Jim Higgins,Libertarian,Missouri,6,jhiggy,REDWINGSHOCKEY2,100,jhiggy,100,INTOnews,32
Teresa Montseny,Democratic,Missouri,7,montsenyt,montsenyt,100,G_Pisarello,38,None,0
Kevin Craig,Libertarian,Missouri,7,KevinTCraig,KevinTCraig,100,ROHNHSFT,38,None,0
Kathy Ellis,Democratic,Missouri,8,KathyEl12345,KathyEl12345,100,DavidWoods007,27,s_webber,32
Tom Schmitz,Libertarian,Missouri,8,tlsdip,tlsdip,100,None,0,MissouriLP,27
Kathleen Williams,politician,Montana,1,WilliamsForMT,olypiankatie,84,LeanderISD,43,WilliamsForMT,100
Kate Bolz,Democratic,Nebraska,1,katejbolz,katejbolz,100,katejbolz,100,katejbolz,100
Dennis Grace,Libertarian,Nebraska,1,thedennisgrace,thedennisgrace,100,thedennisgrace,100,annargriff,42
Kara H. Eastman|Kara Eastman,Democratic,Nebraska,2,Chris_H_Politic,Chris_H_Politic,86,None,0,None,0
Tyler Schaeffer,Libertarian,Nebraska,2,tylerschaeffer,tylerschaeffer,100,___schaeffer___,71,None,0
Mark Elworth,Democratic,Nebraska,3,MarkElworthJr,MarkElworthJr,90,MarkElworthJr,90,MarkElworthJr,90
Dustin Hobbs,Libertarian,Nebraska,3,Dustin_Dowd,Dustin_Dowd,86,FanSidedDDT,29,None,0
Joyce Bentley,Republican,Nevada,1,JoyceBentleyCD1,JoyceBentleyCD1,100,JohnHammontree,43,None,0
Robert Van Strawder,Libertarian,Nevada,1,None,1thumpasaurus,41,None,0,None,0
Kamau Bakari,Independent American,Nevada,1,WaihigaMwaura,bakari_mohammad,74,WaihigaMwaura,38,GeoffKimani,35
Patricia Ackerman,Democratic,Nevada,2,ptrcnne,ptrcnne,100,KRNV,45,MsLisaHendricks,43
Janine Hansen,Independent American,Nevada,2,subordinaire,subordinaire,100,zach_hudson,42,None,0
Daniel Rodimer|Dan Rodimer,Republican,Nevada,3,None,wrestleview,34,None,0,None,0
Steve Brown,Libertarian,Nevada,3,antwanstaley,Eviegirl18,74,antwanstaley,51,RepMikeJohnson,38
Edward Bridges,Independent American,Nevada,3,LEBridges14,LEBridges14,95,RNLI,45,None,0
Jim Marchant,Republican,Nevada,4,VoteJimMarchant,VoteJimMarchant,100,VoteJimMarchant,100,VoteJimMarchant,100
Jonathan Esteban,Libertarian,Nevada,4,johnny_hmm,johnny_hmm,100,MatchroomBoxing,38,SBrownNV,19
Barry Rubinson,Independent American,Nevada,4,NVElect,heshsson,49,NVElect,33,None,0
Matt Mowers,Republican,New Hampshire,1,mowers,mowers,100,mowers,100,mowers,100
Zachary Dumont,Libertarian,New Hampshire,1,ZacharySDumont,ZacharySDumont,90,ZacharySDumont,90,ZacharySDumont,90
Steve Negron,Republican,New Hampshire,2,SteveNegronNH,SteveNegronNH,100,SteveNegronNH,100,SteveNegronNH,100
Andrew Olding,Libertarian,New Hampshire,2,AndrewOlding,AndrewOlding,76,AndrewOlding,76,None,0
Claire Gustafson,Republican,New Jersey,1,ClaireGForNJRep,Clairegus5,100,ClaireGForNJRep,90,ClaireGForNJRep,90
Amy Kennedy,Democratic,New Jersey,2,Rotruck5670,Rotruck5670,100,Rotruck5670,100,MoveOn,45
Jenna Harvey,Independent,New Jersey,2,HodaAndJenna,jenna_gade,100,HodaAndJenna,86,None,0
Jesse Ehrnstrom,Libertarian,New Jersey,2,JohnforNJ2,JSSN100,51,JohnforNJ2,36,None,0
David Richter,Republican,New Jersey,3,DavidRichterNJ,DavidJRichter,100,janamal,39,DavidRichterNJ,100
Martin Weber,Independent,New Jersey,3,martinweber,martinweber,100,imcine,45,None,0
Robert Shapiro,Independent Constitution,New Jersey,3,robertshapiro,robertshapiro,100,ColumbiaSIPA,35,msabrin,44
Stephanie Schmid,Democratic,New Jersey,4,StephLSchmid,StephLSchmid,100,StephLSchmid,100,StephLSchmid,100
Henry Schroeder,Independent,New Jersey,4,ztsamudzi,IUPreacher,80,ztsamudzi,45,None,0
Michael Rufo,Libertarian,New Jersey,4,rufo4congress,rufo4congress,100,rufo4congress,100,rufo4congress,100
Andrew Machuta,Independent,New Jersey,4,None,macboo62,74,None,0,None,0
Frank Pallotta,Republican,New Jersey,5,FrankPallottaNJ,lottawalks,90,AnHaiPhung,45,FrankPallottaNJ,100
Louis Vellucci,Independent,New Jersey,5,CheckersHockey,Alex_vellucci,74,CheckersHockey,31,None,0
Christian Onuoha,Republican,New Jersey,6,xtain_10,xtain_10,100,GuardianNigeria,44,None,0
Thomas Kean Jr.,Republican,New Jersey,7,ShaneGoldmacher,TomBamonte,64,ShaneGoldmacher,40,None,0
Jason Mushnick,Republican,New Jersey,8,jason_beland,jason_beland,90,CharlesPPierce,32,None,0
Dan Delaney,Libertarian,New Jersey,8,dan_delaney,dan_delaney,100,McDonnellDan,52,derekahunter,35
Billy Prempeh,Republican,New Jersey,9,BillyPrempeh,BillyPrempeh,100,BillyPrempeh,100,JoeTalkShow,24
Chris Auriemma,Independent,New Jersey,9,ChrisforLD36,ChrisforLD36,100,DanielVConnolly,21,None,0
Jennifer Zinone,Republican,New Jersey,10,CraigCaplan,jennifer_ivy,66,CraigCaplan,22,CraigCaplan,22
Khaliah Fitchette,Independent,New Jersey,10,KhaliahFitchett,KhaliahFitchett,100,CATargetBot,36,None,0
Akil Khalfani,Independent,New Jersey,10,DrK4Congress,DrK4Congress,100,DrK4Congress,100,DrK4Congress,100
John Mirrione,Libertarian,New Jersey,10,JohnMirrione,JohnMirrione,100,NewJerseyLP,49,NewJerseyLP,49
Rosemary Becchi,Republican,New Jersey,11,RMBecchi,RMBecchi,100,marychaostyle,47,dccc,45
Mark Razzoli,Republican,New Jersey,12,CraigCaplan,reid311,45,MattFriedmanNJ,40,CraigCaplan,40
Ed Forchion,Legalize Marijuana,New Jersey,12,instajacome,instajacome,86,EllieRushing,50,riningear,40
Kenneth Cody,Independent,New Jersey,12,Cody_Sooners1,Cody_Sooners1,90,Kenneth_Nash19,70,None,0
Michelle Garcia Holmes,Republican,New Mexico,1,GarciaHolmes4NM,GarciaHolmes4NM,90,GarciaHolmes4NM,90,GarciaHolmes4NM,90
Xochitl Torres Small,Democratic,New Mexico,2,to_suesmall,to_suesmall,86,SenatePress,45,thelilynews,45
Alexis Johnson,Republican,New Mexico,3,alexisjreports,alexisjreports,100,alexisjreports,100,alexisjohnsonnm,86
Nancy Goroff,Democratic,New York,1,ngoroff,NickTannenbaum_,60,rafaelshimunov,60,ngoroff,100
Jackie Gordon,Democratic,New York,2,VoteJackie4NY,JackieGDesigns,100,NYDailyNews,38,VoteJackie4NY,100
Harry Burger,Green,New York,2,HarryRBurger,HarryRBurger,100,HarryRBurger,100,HarryRBurger,100
George Santos,Republican,New York,3,Santos4Congress,grsantos27,100,grsantos27,100,Santos4Congress,100
Howard Rabin,Libertarian,New York,3,howardrabin,howardrabin,100,Howard_Cole,67,None,0
Douglas Tuman,Republican,New York,4,DouglasTuman,DouglasTuman,100,fluffypony,36,None,0
Joseph Naham,Green,New York,4,MrDunes,MrDunes,100,MrDunes,100,MrDunes,100
Tom Zmich,Republican,New York,6,tomzmich2020,tomzmich2020,100,tomzmich2020,100,tomzmich2020,100
Brian Kelly,Republican,New York,7,PatrickEngel_,CoachD178,72,PatrickEngel_,42,CraigCaplan,35
Gilbert Midonnet,Libertarian,New York,7,gilbertmidonnet,gilbertmidonnet,100,None,0,None,0
Garfield Wallace,Republican,New York,8,GarfieldNPS,GarfieldNPS,86,GarfieldNPS,86,None,0
Constantin Jean-Pierre,Republican,New York,9,CJPforNY,CJPforNY,86,CTdeGuyane,45,None,0
Gary Popkin,Libertarian,New York,9,garypopkin,garypopkin,100,kadiagoba,46,None,0
Joel Azumah,Serve America,New York,9,shishiqiushi,shishiqiushi,90,None,0,None,0
Cathy Bernstein,Republican,New York,10,CathyCongress,CathyCongress,90,CathyCongress,90,None,0
Michael Madrid,Libertarian,New York,10,buildingMadrid,buildingMadrid,100,Iberia_en,35,LarrySharpe,44
Max Rose,Democratic,New York,11,zChakras,zChakras,86,michaelkruse,57,nycjim,53
Carlos Santiago-Cano,Republican,New York,12,csantiagocano,csantiagocano,100,CraigCaplan,56,None,0
Steven Kolln,Libertarian,New York,12,stevenkolln,stevenkolln,100,stevenkolln,100,None,0
Lovelynn Gwinn,Republican,New York,13,LovelynnGwinn,LovelynnGwinn,100,elnuevodiariord,34,None,0
Christopher Morris-Perry,Conservative,New York,13,elnuevodiariord,sciencemarchnyc,36,elnuevodiariord,34,None,0
John Cummings,Republican,New York,14,Renshai22,Renshai22,100,None,0,NCRonline,60
Michelle Caruso-Cabrera,Serve America,New York,14,MCaruso_Cabrera,MCaruso_Cabrera,100,MCaruso_Cabrera,100,BhamHerald,40
Patrick Delices,Republican,New York,15,PD4Congress,PD4Congress,100,CATargetBot,31,None,0
Patrick McManus,Conservative,New York,16,patrick_mcmanus,patrick_mcmanus,100,livbrandao,36,None,0
Maureen McArdle-Schulman,Republican,New York,17,Maureen4NY,Maureen4NY,100,NanHayworth,34,None,0
Yehudis Gottesfeld,Conservative,New York,17,CATargetBot,KLSouth,51,CATargetBot,24,Bee_Bob,16
Joshua Eisen,Independent,New York,17,___Joshua_____,___Joshua_____,90,Joshua_Newman,61,None,0
Michael Parietti,Serve America,New York,17,MarioManca,Michael_Bert_,58,MarioManca,49,None,0
Chele Farley,Republican,New York,18,RyanHanley_Com,BravoFingBrvo,60,RyanHanley_Com,49,badler,48
Scott Smith,Libertarian,New York,18,MrSmithCongress,jehsmith,86,Harryslaststand,86,MrSmithCongress,100
Kyle Van De Water,Republican,New York,19,Kyle4Congress,mommabehr2016,64,newsmax,51,Kyle4Congress,100
Victoria Alexander,Libertarian,New York,19,Victori61832849,Victori61832849,100,verde_nyc,40,ivanlajara,41
Steve Greenfield,Green,New York,19,Greenfield4NY19,Greenfield4NY19,100,Greenfield4NY19,100,Greenfield4NY19,100
Elizabeth Joy,Republican,New York,20,ElizabethHNews,ejoy927,100,ElizabethHNews,90,None,0
Tedra Cobb,Democratic,New York,21,TedraCobb,TedraCobb,100,TedraCobb,100,TedraCobb,100
Anthony Brindisi,Democratic,New York,22,BrandyFromTX,BrandyFromTX,86,trishkilgannon,49,annawilding,50
Keith Price,Libertarian,New York,22,Comedydaddy,Comedydaddy,100,thetemptations,38,LarrySharpe,26
Tracy Mitrano,Democratic,New York,23,MitranoForNY23,MitranoForNY23,100,MitranoForNY23,100,MitranoForNY23,100
Andrew Kolstee,Libertarian,New York,23,AndrewKolstee,AndrewKolstee,100,LarrySharpe,38,LarrySharpe,38
Dana Balter,Democratic,New York,24,dana_balter,dana_balter,100,dana_balter,100,dana_balter,100
Steven Williams,Working Families,New York,24,Stevesimage,Stevesimage,100,ElPitazoTV,40,None,0
George Mitris,Republican,New York,25,GeorgeMitris1,george_mitris,100,GeorgeMitris1,90,rebeccareports,32
Kevin Wilson,Libertarian,New York,25,KWBaseball,KWBaseball,100,KyleRowland,50,LarrySharpe,17
Ricky Donovan,Republican,New York,26,rickyhotlatte,rickyhotlatte,90,SBN_Ricky,71,None,0
Michael Raleigh,Green,New York,26,primate1859,primate1859,100,TMobileHelp,41,None,0
Nate McMurray,Democratic,New York,27,Nate_McMurray,Nate_McMurray,100,Nate_McMurray,100,Nate_McMurray,100
Duane Whitmer,Libertarian,New York,27,WhitmerForNY27,WhitmerForNY27,95,WhitmerForNY27,95,WhitmerForNY27,95
Sandy Smith,Republican,North Carolina,1,SandySmithNC,Sm15997448Sandy,100,SandySmithNC,95,SandySmithNC,95
Alan Swain,Republican,North Carolina,2,bonemotion,bonemotion,100,mkmswain,75,HighPointU,27
Jeff Matemu,Libertarian,North Carolina,2,JeffNc2,JeffNc2,100,JeffNc2,100,JeffNc2,100
Daryl Farrow,Democratic,North Carolina,3,charles_gaba,CF_Farrow,74,charles_gaba,36,None,0
Robert Thomas,Republican,North Carolina,4,RobertTCongress,AllBitoch,86,jthom1,71,RobertTCongress,100
David Wilson Brown,Democratic,North Carolina,5,davidwbrown,WilliamHBrown,58,StevieVanZandt,35,davidwbrown,100
Jeff Gregory,Constitution,North Carolina,5,MyNameYefff,MyNameYefff,100,neiljmcevoy,43,None,0
Lee Haywood,Republican,North Carolina,6,1Haywood,1Haywood,100,1Haywood,100,1Haywood,100
Christopher M. Ward,Democratic,North Carolina,7,AllMilitaryNews,AllMilitaryNews,90,TAPSorg,45,None,0
Patricia Timmons-Goodson,Democratic,North Carolina,8,TimmonsGoodson,TimmonsGoodson,88,TimmonsGoodson,88,USCCRgov,18
Cynthia Wallace,Democratic,North Carolina,9,WallaceCongress,WallaceCongress,100,WallaceCongress,100,WallaceCongress,100
David Parker,Democratic,North Carolina,10,DavidPa38296129,DavidPa38296129,100,JamieEnsor,43,jacindaardern,62
Morris Davis,Democratic,North Carolina,11,ColMorrisDavis,ColMorrisDavis,76,ColMorrisDavis,76,ColMorrisDavis,76
Tracey DeBruhl,Libertarian,North Carolina,11,TDeBruhl,TDeBruhl,100,asheville,32,None,0
Tamara Zwinak,Green,North Carolina,11,Asher_Wolf,raygunsminion1,60,Asher_Wolf,35,None,0
Scott Huffman,Democratic,North Carolina,13,HuffmanForNC,HuffDaddy1000,100,HuffmanForNC,90,HuffmanForNC,90
Zach Raknerud,Democratic,North Dakota,1,chrisbergpov,rachkrein,48,chrisbergpov,43,jackgwilliams,41
Steven Peterson,Libertarian,North Dakota,1,squeakytoy,squeakytoy,100,None,0,None,0
Kate Schroder,Democratic,Ohio,1,SunnySchroder,SunnySchroder,100,WalterReports,49,WalterReports,49
Kevin David Kahn,Libertarian,Ohio,1,UnFadeable21,UnFadeable21,90,briancmahoney,41,None,0
Jaime Castle,Democratic,Ohio,2,jaimecastleOH,jaimecastleOH,90,jaimecastleOH,90,jaimecastleOH,90
Mark Richardson,Republican,Ohio,3,RichardsonOH3,markrmusic,100,mariasherm,49,RichardsonOH3,100
Shannon Freshour,Democratic,Ohio,4,ShannonFreshour,C_A_Shannon,61,ShannonFreshour,61,ShannonFreshour,61
Steve Perkins,Libertarian,Ohio,4,INTOY2014,INTOY2014,100,wednesdayite,38,dartmouthalumni,21
Nick Rubando,Democratic,Ohio,5,NickRubando,NickRubando,90,NickRubando,90,NickRubando,90
Shawna Roberts,Democratic,Ohio,6,RobertsOhioD6,RobertsOhioD6,100,RobertsOhioD6,100,RobertsOhioD6,100
Quentin Potter,Democratic,Ohio,7,tteurpo,tteurpo,95,JovemPanEntrete,39,None,0
Brandon Lape,Libertarian,Ohio,7,LapeforOhio,LapeforOhio,100,LapeforOhio,100,LapeforOhio,100
Vanessa Enoch,Democratic,Ohio,8,DrVEnoch,DrVEnoch,95,DrVEnoch,95,DrVEnoch,95
Rob Weber,Republican,Ohio,9,WestPointWeber,_Rob_Weber_,100,rob_mcknight,50,WestPointWeber,100
Desiree Tims,Democratic,Ohio,10,TimsDesiree,TimsDesiree,100,TimsDesiree,100,TimsDesiree,100
Laverne Gore,Republican,Ohio,11,GoreLaverne,GoreLaverne,86,GoreLaverne,86,GoreLaverne,86
Alaina Shearer,Democratic,Ohio,12,alainashearer,alainashearer,100,MatthewDiemer,32,CraigCaplan,44
John S. Stewart,Libertarian,Ohio,12,jjdavis1213,jjdavis1213,86,john_sipher,62,KellieMeyerNews,22
Christina Hagan,Republican,Ohio,13,RepHagan,christinnahagan,100,RepHagan,100,RepHagan,100
Michael Fricke,Libertarian,Ohio,13,Tomcat161069,Tomcat161069,100,michael_g_link,69,None,0
Hillary O'Connor Mueri,Democratic,Ohio,14,HillaryMueri,HillaryMueri,100,HillaryMueri,100,HillaryMueri,100
Joel Newby,Democratic,Ohio,15,joel_newby,joel_newby,100,ChilliGaz,36,None,0
Aaron Paul Godfrey,Democratic,Ohio,16,beaconjournal,beaconjournal,47,beaconjournal,47,beaconjournal,47
Kojo Asamoa-Caesar,Democratic,Oklahoma,1,kojo4thepeople,kojo4thepeople,100,votingwhileblk,49,ameyaw112,39
Evelyn Rogers,Independent,Oklahoma,1,EvelynRogers,EvelynRogers,100,wtva9news,33,None,0
Danyell Lanier,Democratic,Oklahoma,2,danyell_lanier,danyell_lanier,100,danyell_lanier,100,danyell_lanier,100
Richie Castaldo,Libertarian,Oklahoma,2,Bosslogic,Anarcho_Toad,68,Bosslogic,38,None,0
Zoe Midyett,Democratic,Oklahoma,3,ZoeCongress2022,ZoeCongress2022,90,hemantmehta,43,None,0
Mary Brannon,Democratic,Oklahoma,4,bran4congress,ElectBrannon,100,ElectBrannon,100,bran4congress,100
Bob White,Libertarian,Oklahoma,4,bobwhite_88,bobwhite_88,100,wildlifesociety,40,CBCAlerts,33
Kendra Horn,Democratic,Oklahoma,5,KendraSHorn,KendraSHorn,100,wapodavenport,47,JordannLucero,46
Christopher Christensen,Republican,Oregon,1,StanleyMikeCB,StanleyMikeCB,90,arlingtonchurch,37,None,0
Alex Spenser,Democratic,Oregon,2,spenser2020,spenser2020,100,spenser2020,100,spenser2020,100
Robert Werch,Libertarian,Oregon,2,None,Robert_V_Schuh,75,None,0,None,0
Joanna Harbour,Republican,Oregon,3,joanna_tyl,joanna_tyl,90,joannachiu,72,joanna4oregon,59
Alex DiBlasi,Pacific Green,Oregon,3,ajdiblasi,ajdiblasi,100,googlenesthelp,30,pacificgreens,28
Josh Solomon,Libertarian,Oregon,3,josh_m_solomon,josh_m_solomon,100,josh_m_solomon,100,None,0
Alek Skarlatos,Republican,Oregon,4,alekskarlatos,AetheralOne,60,LennyDykstra,44,alekskarlatos,100
Daniel Hoffay,Pacific Green,Oregon,4,kogwonton,kogwonton,100,pacificgreens,38,pacificgreens,38
Amy Ryan Courser,Republican,Oregon,5,AmyforOregon,AmyforOregon,100,AmyforOregon,100,AmyforOregon,100
Matthew James Rix,Libertarian,Oregon,5,None,Melytowsky,57,None,0,None,0
Christina Finello,Democratic,Pennsylvania,1,FinelloForPA,ASTCTer,60,PoliticsInsider,42,FinelloForPA,100
David Torres,Republican,Pennsylvania,2,David_Torres_py,David_Torres_py,100,CCCMexico,36,TrumpStudents,38
Michael Harvey,Republican,Pennsylvania,3,mlharvey00,mlharvey00,100,RabobankAU,25,None,0
Kathy Barnette,Republican,Pennsylvania,4,Kathy4Truth,Kathy4Truth,100,Kathy4Truth,100,Kathy4Truth,100
Dasha Pruett,Republican,Pennsylvania,5,DashaPruett,DashaPruett,100,None,0,None,0
John Emmons,Republican,Pennsylvania,6,JohnEmmons,JohnEmmons,100,jeje66,52,None,0
Lisa Scheller,Republican,Pennsylvania,7,SchellerforPA,SchellerforPA,100,SchellerforPA,100,SchellerforPA,100
Jim Bognet,Republican,Pennsylvania,8,Bognet4congress,JimPhil74037828,90,wbrewyou,36,Bognet4congress,100
Gary Wegman,Democratic,Pennsylvania,9,DrGaryWegman,DrGaryWegman,90,DrGaryWegman,90,DrGaryWegman,90
Eugene DePasquale,Democratic,Pennsylvania,10,DePasqualePA,DePasqualePA,100,DePasqualePA,100,DePasqualePA,100
Sarah Hammond,Democratic,Pennsylvania,11,SarahforUs,SarahforUs,100,SarahforUs,100,Matt_Maisel,25
Lee Griffin,Democratic,Pennsylvania,12,Tasty_Burger,Tasty_Burger,100,OrlandoPolice,38,None,0
Todd Rowley,Democratic,Pennsylvania,13,ToddRowleyPA13,ToddRowleyPA13,100,ToddRowleyPA13,100,ToddRowleyPA13,100
Bill Marx,Democratic,Pennsylvania,14,BillMarx,BillMarx,100,MJMcKean,43,lucyeperk,29
Robert Williams,Democratic,Pennsylvania,15,BillMoyers,hweengray,68,ChrisForsberg_,34,BillMoyers,41
Kristy Gnibus,Democratic,Pennsylvania,16,Kristy4PA,Kristy4PA,100,WKBN,45,witfnews,45
Sean Parnell,Republican,Pennsylvania,17,SeanParnellUSA,SeanParnellUSA,100,SeanParnellUSA,100,SeanParnellUSA,100
Luke Negron,Republican,Pennsylvania,18,LukeEdison20,LukeEdison20,90,LukeEdison20,90,LukeEdison20,90
Jeffrey Lemire,Independent,Rhode Island,1,jeffrey_lemire,jeffrey_lemire,100,JeffreyVeregge,76,None,0
Frederick Wysocki,Independent,Rhode Island,1,wpro,patrykk_wysocki,65,wpro,25,wpro,25
Robert Lancia,Republican,Rhode Island,2,RobertPoczta,RobertPoczta,90,BobLancia,78,BobLancia,78
Joe Cunningham,American politician,South Carolina,1,JoePCunningham,JoePCunningham,100,JoePCunningham,100,TVAmy,49
Adair Boroughs,Democratic,South Carolina,2,JudiGatson,MaryHYarborough,65,JudiGatson,40,scdp,38
Kathleen Wright,Constitution,South Carolina,2,flashmarshvegas,flashmarshvegas,100,browardinfo,20,None,0
Hosea Cleveland,Democratic,South Carolina,3,ClevelandHosea,ClevelandHosea,100,ClevelandHosea,100,ClevelandHosea,100
Kim Nelson,Democratic,South Carolina,4,kimnelson__,kimnelson__,100,dakotasportsnow,45,GreenvilleNews,45
Michael Chandler,Constitution,South Carolina,4,NotSeanBrady,NotSeanBrady,90,TheJivemaster,40,ganyet,32
Moe Brown,Democratic,South Carolina,5,MoeBrownSC,hollywoodmoecom,100,MoeBrownSC,100,MoeBrownSC,100
John McCollum,Republican,South Carolina,6,john_mccollum,john_mccollum,100,None,0,climatebrad,40
Mark Hackett,Constitution,South Carolina,6,Markhackettcfa,Markhackettcfa,100,newbelfast,29,None,0
Melissa Watson,Democratic,South Carolina,7,melissawatsonf1,bttrswtmelissa,100,melissawatsonf1,90,melissawatsonf1,90
Randy Luallin,Libertarian,South Dakota,1,CraigCaplan,RDockendorf,53,CraigCaplan,48,None,0
Blair Walsingham,Democratic,Tennessee,1,BlairWalsingham,BlairWalsingham,55,BlairWalsingham,55,WJHL11,45
Steve Holder,Independent,Tennessee,1,PAHolder,SteveHolder_,100,PAHolder,86,POLITICO_Steve,69
Renee Hoyos,Democratic,Tennessee,2,RVHoyos,RVHoyos,100,RVHoyos,100,tyler_whetstone,36
Matthew Campbell,Independent,Tennessee,2,worpedo1,worpedo1,92,thetimes,50,None,0
Meg Gorman,Democratic,Tennessee,3,Meg4Congress,Meg4Congress,100,Meg4Congress,100,Meg4Congress,100
Amber Hysell,Independent,Tennessee,3,AmberHysell4TN,AmberHysell4TN,100,Chilis,36,None,0
Keith Sweitzer,Independent,Tennessee,3,None,linzyyyyx,39,None,0,None,0
Christopher J. Hale,Democratic,Tennessee,4,chrisjollyhale,chrisjollyhale,95,chrisjollyhale,95,chrisjollyhale,95
Christopher Finley,Democratic,Tennessee,6,chrisjollyhale,khufu13,100,chrisjollyhale,82,Meg4Congress,27
Christopher Monday,Independent,Tennessee,6,cjsbishop,CMonday4Liberty,95,cjsbishop,86,mjgranger1,42
Kiran Sreepada,Democratic,Tennessee,7,Kiran4Congress,Kiran4Congress,100,Kiran4Congress,100,Tennessean,33
Ronald Brown,Independent,Tennessee,7,theronaldbrown,theronaldbrown,100,WorldRugby7s,40,None,0
"Scott Vieira, Jr.",Independent,Tennessee,7,Vieira_30_,Vieira_30_,90,anaclaracosta,38,None,0
Erika Stotts Pearson,Democratic,Tennessee,8,PearsonCongress,PearsonCongress,100,tndp,44,tndp,44
James Hart,Independent,Tennessee,8,Fenlandskier,Fenlandskier,100,None,0,RepRobinKelly,10
Jon Dillard,Independent,Tennessee,8,JonDillard_TN8,JonDillard_TN8,100,VoteGloriaJ,47,None,0
Charlotte Bergmann,Republican,Tennessee,9,ElectBergmann,ElectBergmann,90,ElectBergmann,90,ElectBergmann,90
Dennis Clark,Independent,Tennessee,9,dennistclark,dennistclark,100,None,0,None,0
Bobby Lyons,Independent,Tennessee,9,lyons262,lyons262,100,bobby_bridge,59,None,0
Hank Gilbert,Democratic,Texas,1,HankGilbert28,HankGilbert28,100,hank_bauer,73,CallieKhouri,32
Sima Ladjevardian,Democratic,Texas,2,SimaforTX,SimaforTX,100,SimaforTX,100,SimaforTX,100
Elliott Scheirman,Libertarian,Texas,2,VoteScheirman,VoteScheirman,66,VoteScheirman,66,VoteScheirman,66
Lulu Seikaly,Democratic,Texas,3,TeamLuluHQ,TeamLuluHQ,86,keratx,45,lmcgaughy,33
Christopher Claytor,Libertarian,Texas,3,JacobRubashkin,TClaytorAPR,58,JacobRubashkin,24,None,0
Russell Foster,Democratic,Texas,4,RussellFosterTX,RussellDFoster,100,RussellFosterTX,90,padresj,37
Lou Antonelli,Libertarian,Texas,4,LouAntonelli,LouAntonelli,100,AmazonHelp,42,None,0
Carolyn Salter,Democratic,Texas,5,SalterforTexas,CarolynSalter,100,SalterforTexas,95,None,0
Kevin Hale,Libertarian,Texas,5,HaleGive,HOOSIERHALE,100,HaleGive,86,None,0
Stephen Daniel,Democratic,Texas,6,stephendaniel,Sherlock_NZ,100,LeonaONeill1,44,stephendaniel,100
Melanie Black,Libertarian,Texas,6,dylanblackradio,missmelaniev,92,dylanblackradio,86,None,0
Wesley Hunt,Republican,Texas,7,WesleyHuntTX,WesleyHuntTX,100,WesleyHuntTX,100,WesleyHuntTX,100
Shawn Kelly,Libertarian,Texas,7,Shawnimator,Shawnimator,100,TimCalWMUR,36,None,0
Elizabeth Hernandez,Democratic,Texas,8,LizForTX8,elizabe49528147,100,LigaBBVAFemenil,41,LizForTX8,90
Chris Duncan,Libertarian,Texas,8,DerangedDuncan,DerangedDuncan,100,DerangedDuncan,100,None,0
Johnny Teague,Republican,Texas,9,Johnny_DFS,Johnny_DFS,90,cj_teague,67,None,0
José Sosa,Libertarian,Texas,9,Josesos15454134,Josesos15454134,94,sabahspor1,44,None,0
Mike Siegel,Democratic,Texas,10,SiegelForTexas,SiegelForTexas,100,SiegelForTexas,100,sunrisemvmt,42
Roy Eriksen,Libertarian,Texas,10,None,JoshEddiePhotos,48,None,0,None,0
Jon Mark Hogg,Democratic,Texas,11,jonmarkhogg,jonmarkhogg,100,jonmarkhogg,100,jonmarkhogg,100
Wacey Alpha Cody,Libertarian,Texas,11,WaceyCody,WaceyCody,86,gosanangelo,31,None,0
Lisa Welch,Democratic,Texas,12,Welch_tx,LisaWelch,100,Welch_tx,95,tomiahonen,26
Trey Holcomb,Libertarian,Texas,12,TreyHolcomb,TreyHolcomb,100,TreyHolcomb,100,None,0
Gus Trujillo,Democratic,Texas,13,GusForTX,MatthewTrujil16,90,GusForTX,90,GusForTX,90
Jack Westbrook,Libertarian,Texas,13,Jack_2110,Jack_2110,90,jack_hamilton,52,None,0
Adrienne Bell,Democratic,Texas,14,AdrBell,adrienne_dunn,90,adrienne_dunn,90,AdrBell,100
Monica de la Cruz-Hernandez,Republican,Texas,15,MONICAD21255736,MONICAD21255736,95,monica4congress,74,monica4congress,74
Ross Lynn Leone,Libertarian,Texas,15,None,Naxiely,45,None,0,None,0
Irene Armendariz-Jackson,Republican,Texas,16,ArmendarizDis16,ArmendarizDis16,90,ArmendarizDis16,90,ArmendarizDis16,90
Rick Kennedy,Democratic,Texas,17,RickKennedyTX17,RickKennedyTX17,100,RickKennedyTX17,100,RickKennedyTX17,100
Ted Brown,Libertarian,Texas,17,nworbdet,nworbdet,100,CityBrampton,50,WiltForCongress,50
Wendell Champion,Republican,Texas,18,ChampionTx2020,Wendell_Crf29,90,ChampionsLeague,56,ChampionTx2020,100
Luke Spencer,Libertarian,Texas,18,LukeSpencer32,LukeSpencer32,100,loucityfc,38,None,0
Vince Duncan,Independent,Texas,18,Amazingx,joesph_bryce,50,Amazingx,38,None,0
Tom Watson,Democratic,Texas,19,Watson4Congress,powersecy,62,bet365_aus,40,Watson4Congress,100
Joe Burnes,Libertarian,Texas,19,joe_burnes,joe_burnes,100,JerryBriggs,55,None,0
Mauro Garza,Republican,Texas,20,MauroGarzaMarin,MauroGarzaMarin,100,CATargetBot,34,JTiloveTX,24
Jeffrey Blunt,Libertarian,Texas,20,jeffyauu,jeffyauu,90,ABCGMA3,28,None,0
Wendy Davis,politician,Texas,21,freedlander,JohnnyD93941059,56,DalhousieU,32,freedlander,55
Arthur DiBianca,Libertarian,Texas,21,ballotpedia,divyaj409,54,ballotpedia,38,None,0
Tommy Wakely,Green,Texas,21,Wakely2020,wakely_louis,90,Wakely2020,86,Wakely2020,86
Sri Preston Kulkarni,Democratic,Texas,22,SikhFeminist,vnarahari,68,SikhFeminist,51,karnanupam,41
"Joseph LeBlanc, Jr.",Libertarian,Texas,22,None,Hybrid_TeaRose,45,None,0,None,0
Gina Ortiz Jones,Democratic,Texas,23,gaytimes,outinjersey,59,gaytimes,56,NBCNews,53
Beto Villela,Libertarian,Texas,23,Beto_Villela,Beto_Villela,100,itau,44,None,0
Candace Valenzuela,Democratic,Texas,24,candacefor24,candacefor24,100,candacefor24,100,REMEZCLA,45
Darren Hamilton,Libertarian,Texas,24,DHamilton2020,_darrenhamilton,100,_darrenhamilton,100,DHamilton2020,100
Steve Kuzmich,Independent,Texas,24,stevekuzmich,stevekuzmich,100,stevekuzmich,100,None,0
Mark Bauer,Independent,Texas,24,MarkBauer,245734bMark,100,None,0,MarkBauer,100
Julie Oliver,Democratic,Texas,25,LissaAislinn,LissaAislinn,86,EE,45,cmclymer,43
Bill Kelsey,Libertarian,Texas,25,Kelsey_Bill,Kelsey_Bill,100,4KelseyAnderson,67,kelsey_snell,74
Carol Iannuzzi,Democratic,Texas,26,CAROLIANNUZZI,CAROLIANNUZZI,100,AP_Politics,40,None,0
Mark Boler,Libertarian,Texas,26,markboler,markboler,100,nickbunkley,45,None,0
Ricardo de la Fuente,Democratic,Texas,27,Ricky4Congress,Ricky4Congress,100,Ricky4Congress,100,Ricky4Congress,100
Phil Gray,Libertarian,Texas,27,philgray__,philgray__,100,RokerReport,19,None,0
Sandra Whitten,Republican,Texas,28,whitten_sandra,whitten_sandra,100,texas_sandra,60,texas_sandra,60
Bekah Congdon,Libertarian,Texas,28,LibertyBeks,LibertyBeks,100,LibertyBeks,100,VoteScheirman,28
Jaimy Blanco,Republican,Texas,29,JaimyBlanco,JaimyBlanco,100,JaimyBlanco,100,JaimyBlanco,100
Phil Kurtz,Libertarian,Texas,29,PhilKurtz3,PhilKurtz3,90,PhilKurtz3,90,PhilKurtz3,90
Tre Pennie,Republican,Texas,30,sgt_pennie,tre_pennie,100,sgt_pennie,90,sgt_pennie,90
Eric Williams,Independent,Texas,30,E_williams_5,E_williams_5,100,JamesCrepea,38,stevekuzmich,29
Donna Imam,Democratic,Texas,31,donnaimamTX,donnaimamTX,100,donnaimamTX,100,donnaimamTX,100
Clark Patterson,Libertarian,Texas,31,HumanTackboard,_ClarkPatterson,100,HumanTackboard,80,DecideonDesai,36
Genevieve Collins,Republican,Texas,32,gennymine,gennymine,90,UnitedAgents,40,dallasnews,37
Christy Mowrey Peterson,Libertarian,Texas,32,None,PoliticsMulti,26,None,0,None,0
Jason Sigmon,Independent,Texas,32,jason_sigmon,jsigmon24,100,jason_sigmon,100,None,0
Fabian Vasquez,Republican,Texas,33,fabianv78634951,fabianv78634951,100,PoliciaNeiva,58,None,0
Carlos Quintanilla,Independent,Texas,33,accionamerica,Pitufomecanico,100,None,0,accionamerica,100
Jason Reeves,Libertarian,Texas,33,KHOU,breeves311,70,KHOU,36,None,0
Renedria Welton,Independent,Texas,33,CATargetBot,CATargetBot,31,CATargetBot,31,None,0
Rey Gonzalez,Republican,Texas,34,drreygonzalez,ReyGonz30491103,100,chr_gonzalez,62,drreygonzalez,95
Anthony Cristo,Libertarian,Texas,34,scianthony,scianthony,90,None,0,LambdaChiAlpha,31
Chris Royal,Independent,Texas,34,jessychipcity19,jessychipcity19,100,ChrisBurn_Post,67,TheKingsFund,31
Jenny Sharon,Republican,Texas,35,jenny4congress,Sharon31155504,90,jenny4congress,86,jenny4congress,86
Mark Loewe,Libertarian,Texas,35,LoeweOfficial,ProchorowMark,90,LoeweOfficial,90,None,0
"Jason Mata, Sr.",Independent,Texas,35,JxpiterSon,JxpiterSon,90,None,0,None,0
Rashad Lewis,Democratic,Texas,36,Rashadl314,Rashadl314,100,CBS58,43,None,0
Chad Abbey,Libertarian,Texas,36,GigAMChad,GigAMChad,90,GD10,35,None,0
"Hal Ridley, Jr.",Green,Texas,36,HalRidleyJr,HalRidleyJr,95,HalRidleyJr,95,HalRidleyJr,95
Darren Parry,Democratic,Utah,1,darrenparry,darrenparry,100,starsandstripes,39,bmullahy2news,40
Kael Weston,Democratic,Utah,2,KaelWeston,KaelWeston,100,KaelWeston,100,KaelWeston,100
J. Robert Latham,Libertarian,Utah,2,robert_latham,robert_latham,95,UtahLP,44,None,0
Devin Thorpe,Democratic,Utah,3,devindthorpe,DevinThorpe,100,devindthorpe,95,KSLcom,0
Daniel Cummings,Constitution,Utah,3,DanielC70297151,DanielC70297151,100,NorthernIreland,32,None,0
Thomas McNeill,United Utah,Utah,3,WBATDM,WBATDM,100,emollick,52,None,0
Ben McAdams,Democratic,Utah,4,GlenMillsABC4,marcus_arbr,60,GlenMillsABC4,48,brajeshlive,42
John Molnar,Libertarian,Utah,4,JohnMolnar,JohnMolnar,95,OhioAG,40,BjaminWood,33
Jonia Broderick,United Utah,Utah,4,teamjonia2020,teamjonia2020,100,teamjonia2020,100,teamjonia2020,100
Miriam Berry,Republican,Vermont,1,MiriamBerry3,MiriamBerry3,95,vprnet,31,wcax,23
Peter Becker,Independent,Vermont,1,kunvivanto,kunvivanto,100,None,0,None,0
Marcia Horne,Independent,Vermont,1,marcia_h,marcia_h,90,Jesse_Horne,59,None,0
Christopher Helali,Communist,Vermont,1,kthalps,essektasli,60,kthalps,45,kthalps,45
Shawn Orr,Independent,Vermont,1,ShawnOrr,ShawnOrr,100,None,0,None,0
Jerry Trudell,Independent,Vermont,1,JerryTrudell,JerryTrudell,100,vprnet,34,None,0
Qasim Rashid,Democratic,Virginia,1,QasimRashid,QasimRashid,95,QasimRashid,95,JoshuaCole,30
Scott Taylor,politician,Virginia,2,Scotttaylorva,Grallon,95,bbcmerseysport,38,Scotttaylorva,100
David Foster,Independent,Virginia,2,RsvpTruth,davidwees,64,davidwees,64,RsvpTruth,90
John Collick,Republican,Virginia,3,AP_Politics,CharlenaCollic2,71,AP_Politics,43,KarinaNBC12,31
Leon Benjamin,Republican,Virginia,4,Leon4Congress,Leon4Congress,100,Leon4Congress,100,Leon4Congress,100
Cameron Webb,Democratic,Virginia,5,Mozziebites,Cameronwebb___,100,Mozziebites,95,TheRoot,43
Nicholas Betts,Democratic,Virginia,6,NicholaSampaio,NicholaSampaio,90,Chelsea247now,46,None,0
Nick Freitas,Republican,Virginia,7,NickForVA,NickPaperwork,90,LeadershipInst,30,NickForVA,100
Jeff Jordan,Republican,Virginia,8,JeffJordan2020,jeff_jordan,100,jrichlive,58,JeffJordan2020,90
Aliscia Andrews,Republican,Virginia,10,alisciaandrews,alisciaandrews,100,alisciaandrews,100,alisciaandrews,100
Manga Anantatmula,Republican,Virginia,11,Manga4Congress,Manga4Congress,90,Manga4Congress,90,andresoriano,33
Jeffrey Beeler,Republican,Washington,1,cstross,TaraJeffrey,70,cstross,31,None,0
Tim Hazelo,Republican,Washington,2,Hazelo4Island,Hazelo4Island,86,WAGOP,36,WAGOP,36
Carolyn Long,Democratic,Washington,3,ElectLong,TroyWB,54,erniepaulson,48,ElectLong,100
Douglas McKinley,Democratic,Washington,4,Douglas_Coglin,Douglas_Coglin,90,traciethoms,41,None,0
Dave Wilson,Democratic,Washington,5,dawilson,dawilson,100,lindsayaellis,42,MaherABC7,43
Elizabeth Kreiselmaier,Republican,Washington,6,cleanupthehouse,cleanupthehouse,61,cleanupthehouse,61,cleanupthehouse,61
Craig Keller,Republican,Washington,7,evillights,evillights,100,sherryjenix,33,RanjiKIRO7,35
Jesse Jensen,Republican,Washington,8,JJensee,JJensee,100,Jesse_Horne,70,ChrisDaniels5,32
Doug Basler,Republican,Washington,9,dougbasler,dougbasler,100,FordFischer,43,ballotpedia,43
Beth Doglio,Democratic,Washington,10,BethDoglio,BethDoglio,100,BethDoglio,100,theolympian,52
Natalie Cline,Democratic,West Virginia,1,NatalieClineWV,natalie_blake_,100,CourtneyLTanner,48,NatalieClineWV,100
Cathy Kunkel,Democratic,West Virginia,2,Kunkel4Congress,Kunkel4Congress,86,Kunkel4Congress,86,Kunkel4Congress,86
Hilary Turner,Democratic,West Virginia,3,hilarydavidson,HilareeBanks,90,hilarydavidson,86,nataliesurely,38
Roger Polack,Democratic,Wisconsin,1,CraigCaplan,CraigCaplan,50,CraigCaplan,50,tomforwi,40
Peter Theron,Republican,Wisconsin,2,petertheron,petertheron,100,Frikidoctor,43,CarolineDade,24
Derrick Van Orden,Republican,Wisconsin,3,derrickvanorden,derrickvanorden,100,derrickvanorden,100,derrickvanorden,100
Tim Rogers,Republican,Wisconsin,4,musicfeeds,nyahgust,54,musicfeeds,38,ElectFrench,36
Robert Raymond,Independent,Wisconsin,4,Robertr369,Robertr369,100,None,0,None,0
Tom Palzewicz,Democratic,Wisconsin,5,tomforwi,tomforwi,100,tomforwi,100,tomforwi,100
Jessica King,Democratic,Wisconsin,6,JessicaKing6th,Jessicarosekin3,95,Buntingfootball,50,JessicaKing6th,100
Tricia Zunker,Democratic,Wisconsin,7,TriciaforWI,TriciaforWI,100,TriciaforWI,100,TriciaforWI,100
Amanda Stuck,Democratic,Wisconsin,8,adementorskiss,adementorskiss,86,adland,60,patrickdmarley,44
Lynnette Grey Bull,Democratic,Wyoming,1,GreyBull4WY,GreyBull4WY,90,DatelineNBC,38,FNXTV,30
Richard Brubaker,Libertarian,Wyoming,1,richbrubaker,richbrubaker,100,adamdberry,46,None,0
Jeff Haggit,Constitution,Wyoming,1,IAmNickReynolds,JBfromDC89,45,IAmNickReynolds,24,None,0
Oreta Tufuga Mapu Crichton,Democratic,American Samoa,1,None,None,0,None,0,None,0
Meleagi Suitonu-Chapman,Democratic,American Samoa,1,None,samoanews,36,None,0,None,0
Patrick Hynes,Libertarian,District of Columbia,1,PatrickHynes,PatrickHynes,100,NHGOP,46,tina_nguyen,42
Barbara Washington Franklin,Independent,District of Columbia,1,ShinChinnx,ShinChinnx,90,audreycnn,39,None,0
Omari Musa,Socialist Workers,District of Columbia,1,musa_omari_981,musa_omari_981,95,swahilitimes,43,None,0
Natale Lino Stracuzzi,DC Statehood Green,District of Columbia,1,Vote4DC,cathsecnews,42,Vote4DC,29,None,0
Amir Lowery,Independent,District of Columbia,1,princelowery,princelowery,90,MLS,47,MLS,47
David Krucoff,Independent,District of Columbia,1,dkrucoff,dkrucoff,100,david_j_roth,70,wamu885,18
John Cheeks,Independent,District of Columbia,1,JohnCheek00,JohnCheek00,95,CbyJ,64,JoeTalkShow,32
Robert A. Underwood|Robert Underwood,Democratic,Guam,1,JET24FOX66,stephw_xoxo,52,JET24FOX66,40,None,0
Aníbal Acevedo Vilá,Popular Democratic/Democratic,Puerto Rico,1,ElNuevoDia,jinxed_1,60,ElNuevoDia,50,GregJKrieg,27
Zayira Jordán Conde,Citizen's Victory Movement,Puerto Rico,1,drajordanconde,drajordanconde,95,Jenniffer,44,None,0
Ada Norah Henriquez,Dignity Project,Puerto Rico,1,AdaHenriquez1,AdaHenriquez1,95,luisenriquefalu,48,None,0
Luis Roberto Piñero,Puerto Rico Independence,Puerto Rico,1,luisrobertoII,luisrobertoII,95,cristina_corujo,36,None,0
Shekema George,Independent,United States Virgin Islands,1,CATargetBot,BRUCEGEORGE1,64,CATargetBot,32,None,0
