James Averhart,Democratic,Alabama,1,JAverhart2020,Campaign
Phyllis Harvey-Hall,Democratic,Alabama,2,PhyllisDHHall,Campaign
Adia Winfrey,Democratic,Alabama,3,drdia,Campaign
Rick Neighbors,Democratic,Alabama,4,VoteNeighbors,Campaign
Alyse Galvin,Independent,Alaska,1,AlyseGalvin,Campaign
Oreta Tufuga Mapu Crichton,Democratic,American Samoa,1,None,None
Meleagi Suitonu-Chapman,Democratic,American Samoa,1,ladyofthereef,Personal
Tiffany Shedd,Republican,Arizona,1,Tiffany_Shedd,Campaign
Daniel Wood,Republican,Arizona,3,DWood4Congress,Campaign
Delina DiSanto,Democratic,Arizona,4,delina4az,Campaign
Joan Greene,Democratic,Arizona,5,joangreeneaz,Campaign
Hiral Tipirneni,Democratic,Arizona,6,hiral4congress,Campaign
Michael Muscato,Democratic,Arizona,8,michael_muscato,Campaign
Dave Giles,Republican,Arizona,9,VoteGiles,Campaign
Josh Barnett,Republican,Arizona,7,BarnettforAZ,Campaign
Brandon Martin,Republican,Arizona,2,None,None
Joyce Elliott,Democratic,Arkansas,2,xjelliott,Campaign
Celeste Williams,Democratic,Arkansas,3,CelesteforAR,Campaign
Michael Kalagias,Libertarian,Arkansas,3,KalagiasforUS,Campaign
William Hanson,Democratic,Arkansas,4,WilliamHansonAR,Campaign
Frank Gilbert,Libertarian,Arkansas,4,None,None
Audrey Denney,Democratic,California,1,audrey4congress,Campaign
Tamika Hamilton,Republican,California,3,TamikaGHamilton,Campaign
Brynne Kennedy,Democratic,California,4,BrynneSpeak,Campaign
Chris Bish,Republican,California,6,BishForCongress,Campaign
Buzz Patterson,Republican,California,7,BuzzPatterson,Campaign
Ted Howze,Republican,California,10,Ted_Howze,Campaign
Nisha Sharma,Republican,California,11,UsaNisha,Campaign
Shahid Buttar,Democratic,California,12,ShahidForChange,Campaign
Nikka Piterman,Republican,California,13,NikkaGOP,Campaign
Ran Petel,Republican,California,14,petel4congress,Campaign
Alison Hayden,Republican,California,15,Alison4Congress,Campaign
Kevin Cookingham,Republican,California,16,KevCookingham,Campaign
Ritesh Tandon,Republican,California,17,tandon4congress,Campaign
Rishi Kumar,Democratic,California,18,rishikumar1,Campaign
Justin Aguilera,Republican,California,19,JoinJustin19,Campaign
Jeff Gorman,Republican,California,20,JeffGormanMRY,Campaign
TJ Cox,Democratic,California,21,TJCoxCongress,Campaign
Phil Arballo,Democratic,California,22,philarballo,Campaign
Kim Mangone,Democratic,California,23,kimmangone,Campaign
Andy Caldwell,Republican,California,24,Caldwell_CA24,Campaign
Christy Smith,politician,California,25,christysmithca,Campaign
Johnny Nalbandian,Republican,California,27,Johnny_Congress,Campaign
Eric Early,Republican,California,28,EricEarly_CA,Campaign
Mark Reed,Republican,California,30,MarkReed1776,Campaign
Agnes Gibboney,Republican,California,31,agnes_gibboney,Campaign
Joshua Scott,Republican,California,32,joshuascottca32,Campaign
David Kim,Democratic,California,34,DavidKimForCA,Campaign
Mike Cargile,Republican,California,35,CargileFor,Campaign
Erin Cruz,Republican,California,36,RealErinCruz,Campaign
Errol Webber,Republican,California,37,ErrolWebber,Campaign
Michael Tolar,Democratic,California,38,MichaelTolar6,Campaign
Gil Cisneros,Democratic,California,39,GilCisnerosCA,Campaign
Antonio Delgado,Republican,California,40,cAntonioDelgado,Campaign
Aja Smith,Republican,California,41,AjaforCongress,Campaign
Joe Collins,Republican,California,43,joeecollins3,Campaign
James Waters,Republican,California,46,watersfor,Campaign
John Briscoe,Republican,California,47,johnfbriscoe,Campaign
Harley Rouda,Democratic,California,48,HarleyRouda,Campaign
Brian Maryott,Republican,California,49,brianlmaryott,Campaign
Ammar Campa-Najjar,Democratic,California,50,ACampaNajjar,Campaign
Juan Hidalgo,Republican,California,51,HidalgoCongress,Campaign
Jim DeBello,Republican,California,52,DeBelloCongress,Campaign
Georgette Gómez,Democratic,California,53,SDGeorgette,Campaign
Chris Bubser,Democratic,California,8,bubser4congress,Campaign
Ronda Kennedy,Republican,California,26,ronda4congress,Campaign
Angélica Dueñas,Democratic,California,29,Angelica4CA,Campaign
Liam O'Mara,Democratic,California,42,LiamOMaraIV,Campaign
Scott Giblin,Republican,California,5,None,None
Tony Amador,Republican,California,9,None,None
James Bradley,Republican,California,33,None,None
Analilia Joya,Democratic,California,44,None,None
Dale Mensing,Republican,California,2,MensingDale,Personal
Greg Raths,Republican,California,45,GregRaths,Personal
Shane Bolling,Republican,Colorado,1,Shane4Co,Campaign
Diane Mitsch Bush,Democratic,Colorado,3,RepDMB,Campaign
Critter Milton,Unity,Colorado,3,CritterMilton,Campaign
Jillian Freeland,Democratic,Colorado,5,FreelandCO5,Campaign
Rebecca Keltie,Unity,Colorado,5,Keltie4Congress,Campaign
Steve House,Republican,Colorado,6,House4CO,Campaign
Jaimie Kulikowski,Unity,Colorado,6,JaimieKulikows1,Campaign
Casper Stockham,Republican,Colorado,7,Casper4Colorado,Campaign
Ken Biles,Libertarian,Colorado,7,Ken4Colorado,Campaign
Paul N. Fiorino,Unity,Colorado,1,votefiorino,Campaign
Charles Winn,Republican,Colorado,2,DrCharlieWinn,Campaign
Ike McCorkle,Democratic,Colorado,4,ike4co,Campaign
John Ryan Keil,Libertarian,Colorado,3,None,None
Jan Kok,Approval Voting,Colorado,1,None,None
Thom Atkinson,Libertarian,Colorado,2,None,None
Bruce Griffith,Libertarian,Colorado,4,None,None
Laura Ireland,Unity,Colorado,4,None,None
Marcus Murphy,Independent,Colorado,5,None,None
Norm Olsen,Libertarian,Colorado,6,None,None
David Olszta,Unity,Colorado,7,None,None
Kyle Furey,Libertarian,Colorado,1,kylefurey,Personal
Gary Swing,Unity,Colorado,2,swinggary,Personal
Ed Duffett,Libertarian,Colorado,5,eduffett,Personal
Mary Fay,Republican,Connecticut,1,Fay4Congress,Campaign
Cassandra Martineau,Green,Connecticut,2,CassCongress,Campaign
Margaret Streicker,Republican,Connecticut,3,ForStreicker,Campaign
Justin Paglino,Green,Connecticut,3,justin4all2,Campaign
Jonathan Riddle,Republican,Connecticut,4,riddlecongress,Campaign
Thomas McCormick,Green,Connecticut,1,None,None
Justin Anderson,Republican,Connecticut,2,None,None
Daniel Reale,Libertarian,Connecticut,2,None,None
Brian Merlen,Independent,Connecticut,4,None,None
David Sullivan,Republican,Connecticut,5,None,None
Bruce Walczak,Independent,Connecticut,5,None,None
Lee Murphy,Republican,Delaware,1,goMurph2020,Campaign
Catherine Purcell,[[Independent Party of Delaware|Independent]],Delaware,1,Catheri45538542,Campaign
David Rogers,Libertarian,Delaware,1,None,None
Amir Lowery,Independent,District of Columbia,1,princelowery,Campaign
David Krucoff,Independent,District of Columbia,1,dkrucoff,Campaign
Natale Lino Stracuzzi,DC Statehood Green,District of Columbia,1,StracuzziLino,Campaign
Patrick Hynes,Libertarian,District of Columbia,1,None,None
Barbara Washington Franklin,Independent,District of Columbia,1,None,None
Omari Musa,Socialist Workers,District of Columbia,1,None,None
John Cheeks,Independent,District of Columbia,1,None,None
Phil Ehr,Democratic,Florida,1,PhilEhr,Campaign
Albert Oram,Independent,Florida,1,RealMaverickUSA,Campaign
Adam Christensen,Democratic,Florida,3,AC4Congress2020,Campaign
Donna Deegan,Democratic,Florida,4,DonnaDeegan,Campaign
Gary Adler,Republican,Florida,5,ElectAdler,Campaign
Clint Curtis,Democratic,Florida,6,Clint4congress,Campaign
William Garlington,Independent,Florida,7,billgarlington,Campaign
Jim Kennedy,Democratic,Florida,8,JK4Florida,Campaign
Vennia Francois,Republican,Florida,10,Vennia4Congress,Campaign
Dana Cottrell,Democratic,Florida,11,DanaforCongress,Campaign
Kimberly Walker,Democratic,Florida,12,kw4congress,Campaign
Anna Paulina Luna,Republican,Florida,13,VoteAPL,Campaign
Christine Quinn,Republican,Florida,14,ElectQuinn,Campaign
Alan Cohn,Democratic,Florida,15,AlanMCohn,Campaign
Margaret Good,Democratic,Florida,16,GoodforFlorida,Campaign
Allen Ellison,Democratic,Florida,17,AllenLEllison,Campaign
Pam Keith,Democratic,Florida,18,PamKeithFL,Campaign
Cindy Banyai,Democratic,Florida,19,SWFLmom2020,Campaign
Greg Musselwhite,Republican,Florida,20,GregMusselwhit3,Campaign
Charleston Malkemus,Independent,Florida,21,votecharleston,Campaign
Carla Spalding,Republican,Florida,23,carla_spalding,Campaign
Lavern Spicer,Republican,Florida,24,lavern_spicer,Campaign
Debbie Mucarsel-Powell,Democratic,Florida,26,DebbieforFL,Campaign
Donna Shalala,Democratic,Florida,27,DonnaShalala,Campaign
Leo Valentín,Republican,Florida,7,drleovalentin,Campaign
K. W. Miller,Independent,Florida,18,KwCongressional,Campaign
Jim Pruden,Republican,Florida,22,Jimprudenforco1,Campaign
Christine Olivo,Independent,Florida,24,Christinefor24,Campaign
Kim O'Connor,write-in,Florida,2,None,None
Bill Olson,Republican,Florida,9,None,None
Theodore Murray,Independent,Florida,17,None,None
Laura Loomer,Republican,Florida,21,None,None
Joyce Griggs,Democratic,Georgia,1,joycegriggs2020,Campaign
Val Almonord,Democratic,Georgia,3,valforcongress3,Campaign
Johsie Cruz,Republican,Georgia,4,JohsieC,Campaign
Angela Stanton-King,Republican,Georgia,5,theangiestanton,Campaign
Karen Handel,Republican,Georgia,6,karenhandel,Campaign
Rich McCormick,Republican,Georgia,7,RichforGA,Campaign
Devin Pandy,Democratic,Georgia,9,DevinPandy,Campaign
Tabitha Johnson-Green,Democratic,Georgia,10,TJG4GA,Campaign
Dana Barrett,Democratic,Georgia,11,TheDanaBarrett,Campaign
Liz Johnson,Democratic,Georgia,12,lizjohnsonforus,Campaign
Becky Hites,Republican,Georgia,13,Hites4Congress,Campaign
Kevin Van Ausdal,Democratic,Georgia,14,KevinVanAusdal,Campaign
Don Cole,Republican,Georgia,2,DonCole4Cong,Campaign
Lindsay Holliday,Democratic,Georgia,8,None,None
Robert A. Underwood|Robert Underwood,Democratic,Guam,1,None,None
Ron Curtis,Republican,Hawaii,1,rcurtis808,Campaign
Joe Akana,Republican,Hawaii,2,Joe_Akana,Campaign
Jonathan Hoomanawanui,Aloha Aina,Hawaii,2,JHoomanawanui,Campaign
Michelle Tippens,Libertarian,Hawaii,2,None,None
Ron Burrus,Independent,Hawaii,2,None,None
John Giuffre,American Shopping,Hawaii,2,None,None
Rudy Soto,Democratic,Idaho,1,Rudy4Congress,Campaign
C. Aaron Swisher,Democratic,Idaho,2,SwisherforIdaho,Campaign
Idaho Sierra Law,Libertarian,Idaho,2,Congress4_IDLaw,Campaign
Joe Evans,Libertarian,Idaho,1,None,None
Pro-Life,politician,Idaho,2,None,None
Philanise White,Republican,Illinois,1,Philaniseforco1,Campaign
Theresa Raborn,Republican,Illinois,2,Raborn4Congress,Campaign
Mike Fricilone,Republican,Illinois,3,FriciloneMike,Campaign
Jesus Solorio,Republican,Illinois,4,jesussoloriojr,Campaign
Thomas Wilda,Green,Illinois,5,TomWilda2020,Campaign
Jeanne Ives,Republican,Illinois,6,JeanneIves,Campaign
Bill Redpath,Libertarian,Illinois,6,BillRedpath2020,Campaign
Craig Cameron,Republican,Illinois,7,CraigCameron07,Campaign
Tracy Jennings,Independent,Illinois,7,TracyJenningsIL,Campaign
Preston Nelson,Libertarian,Illinois,8,Preston4Congres,Campaign
Sargis Sangari,Republican,Illinois,9,VoteSangari,Campaign
Rick Laib,Republican,Illinois,11,RickLaibfor11,Campaign
Jim Oberweis,Republican,Illinois,14,JimOberweis,Campaign
Erika Weaver,Democratic,Illinois,15,Weaver4Illinois,Campaign
Dani Brzozowski,Democratic,Illinois,16,DaniForCongress,Campaign
Esther Joy King,Republican,Illinois,17,esther4congress,Campaign
George Petrilli,Democratic,Illinois,18,GeorgePetrilli,Campaign
Valerie Mukherjee,Republican,Illinois,10,ValforCongress,Campaign
Raymond Lenzi,Democratic,Illinois,12,Lenzi4Congress,Campaign
Betsy Dirksen Londrigan,Democratic,Illinois,13,BetsyforIL,Campaign
Tommy Hanson,Republican,Illinois,5,None,None
Pat Hackett,Democratic,Indiana,2,HackettCongress,Campaign
Chip Coldiron,Democratic,Indiana,3,Chip4Congress,Campaign
Joe Mackey,Democratic,Indiana,4,joe4hoosiers,Campaign
Christina Hale,Democratic,Indiana,5,HaleIndy,Campaign
Jeannine Lee Lake,Democratic,Indiana,6,JeannineLeeLake,Campaign
Tom Ferkinhoff,Libertarian,Indiana,6,FerkieCPA,Campaign
Susan Marie Smith,Republican,Indiana,7,susanfor7th,Campaign
James Rodenberger,Libertarian,Indiana,8,jdrodenberger,Campaign
Andy Ruff,Democratic,Indiana,9,AndyRuffIN9,Campaign
Kenneth Tucker,Libertarian,Indiana,5,aguyfromindiana,Campaign
E. Thomasina Marsili,Democratic,Indiana,8,Hope_IN8,Campaign
Mark Leyva,Republican,Indiana,1,None,None
Michael Strauss,Libertarian,Indiana,1,None,None
Tonya Millis,Libertarian,Indiana,9,None,None
Abby Finkenauer,Democratic,Iowa,1,Abby4Iowa,Campaign
Rita Hart,Democratic,Iowa,2,RitaHartIA,Campaign
David Young,Iowa politician,Iowa,3,YoungForIowa,Campaign
J. D. Scholten,Democratic,Iowa,4,JDScholten,Campaign
Bryan Holder,Libertarian,Iowa,3,None,None
Kali Barnett,Democratic,Kansas,1,KaliforKansas,Campaign
Michelle De La Isla,Democratic,Kansas,2,Michelle4Kansas,Campaign
Amanda Adkins,politician,Kansas,3,amanda_adkins,Campaign
Steve Hohe,Libertarian,Kansas,3,stevehoheks,Campaign
Laura Lombard,Democratic,Kansas,4,LauraforKansas,Campaign
Robert Garrard,Libertarian,Kansas,2,None,None
James Rhodes,Democratic,Kentucky,1,Rhodes4Congress,Campaign
Hank Linderman,Democratic,Kentucky,2,hank4ky,Campaign
Robert Lee Perry,Libertarian,Kentucky,2,Perry4Ky,Campaign
Alexandra Owensby,Democratic,Kentucky,4,AMOwensby,Campaign
Josh Hicks,Democratic,Kentucky,6,joshhicksky,Campaign
Matthew Best,Democratic,Kentucky,5,BestforKY,Campaign
Lewis Carter,Populist,Kentucky,2,None,None
Rhonda Palazzo,Republican,Kentucky,3,None,None
Frank Harris,Libertarian,Kentucky,6,None,None
Lee Ann Dugas,Democratic,Louisiana,1,LeeDugas2001,Campaign
Howard Kearney,Libertarian,Louisiana,1,HowardKearney,Campaign
Colby James,Independent,Louisiana,2,colbyFor2ndDist,Campaign
Braylon Harris,Democratic,Louisiana,3,Harris4US2020,Campaign
Rob Anderson,Democratic,Louisiana,3,RobAnderson2018,Campaign
Brandon Leleux,Libertarian,Louisiana,3,brandon_leleux,Campaign
Kenny Houston,Democratic,Louisiana,4,KennyHoustonCD4,Campaign
Ryan Trundle,Democratic,Louisiana,4,ryantrundleCD4,Campaign
Lance Harris,Republican,Louisiana,5,RepLanceHarris,Campaign
Dartanyon Williams,Democratic,Louisiana,6,daw4us,Campaign
Shannon Sloan,Libertarian,Louisiana,6,ElectSloan,Campaign
Richard Torregano,Independent,Louisiana,6,RichTorregano,Campaign
David Schilling,Republican,Louisiana,2,None,None
Glenn Harris,Democratic,Louisiana,2,None,None
Sheldon Vincent,Republican,Louisiana,2,None,None
Belden Batiste,Independent,Louisiana,2,None,None
Ben Gibson,Republican,Louisiana,4,None,None
Jay Allen,Republican,Maine,1,AllenCongress,Campaign
Dale J. Crafts|Dale Crafts,Republican,Maine,2,None,None
Mia Mason,Democratic,Maryland,1,Mia4MD,Campaign
Johnny Ray Salling,Republican,Maryland,2,J_R_Salling,Campaign
Charles Anthony,Republican,Maryland,3,Charles4MD,Campaign
George McDermott,Republican,Maryland,4,GeorgeMcDermot3,Campaign
Chris Palombi,Republican,Maryland,5,ChrisPalombi,Campaign
Neil Parrott,Republican,Maryland,6,neilparrott,Campaign
George Gluck,Green,Maryland,6,Gluck4Congress,Campaign
Kimberly Klacik,Republican,Maryland,7,kimKBaltimore,Campaign
Gregory Coll,Republican,Maryland,8,CollforCongress,Campaign
Tracy Lovvorn,Republican,Massachusetts,2,Tracy4Congress,Campaign
Julie Hall,Republican,Massachusetts,4,Hall4CongressMA,Campaign
Caroline Colarusso,Republican,Massachusetts,5,CarolineforCon1,Campaign
John Paul Moran,Republican,Massachusetts,6,JohnPaul4Mass,Campaign
Helen Brady,Republican,Massachusetts,9,HelenBradyMA9,Campaign
Jonathan Lott,Healthcare Environment Stability,Massachusetts,8,MrJonLott,Campaign
"Roy Owens, Sr.",Independent,Massachusetts,7,None,None
Michael Manley,Coach Team America,Massachusetts,9,None,None
Bryan Berghoef,Democratic,Michigan,2,pubtheologian,Campaign
Jean-Michel Creviere,Green,Michigan,2,2020Creviere,Campaign
Hillary Scholten,Democratic,Michigan,3,HillaryScholten,Campaign
Jerry Hilliard,Democratic,Michigan,4,HilliardForCong,Campaign
David Canny,Libertarian,Michigan,4,DavidCanny4con,Campaign
Amy Slepr,Green,Michigan,4,AmySlepr,Campaign
Tim Kelly,Michigan politician,Michigan,5,timothykelly,Campaign
Jon Hoadley,Democratic,Michigan,6,jonhoadley,Campaign
Jeff DePoy,Libertarian,Michigan,6,Jeff_for_6th,Campaign
Gretchen Driskell,Democratic,Michigan,7,gdriskell,Campaign
Paul Junge,Republican,Michigan,8,VotePaulJunge,Campaign
Joe Hartman,Libertarian,Michigan,8,realJoeHartman,Campaign
Charles Langworthy,Republican,Michigan,9,LangworthyUS9th,Campaign
Kimberly Bizon,Democratic,Michigan,10,electbizon2020,Campaign
Eric Esshaki,Republican,Michigan,11,EsshakiCongress,Campaign
Jeff Jones,Republican,Michigan,12,Vote_JeffJones,Campaign
David Dudenhoefer,Republican,Michigan,13,Dude4Liberty,Campaign
Lisa Lane Gioia,Libertarian,Michigan,14,lisaforliberty,Campaign
Dana Ferguson,Democratic,Michigan,1,FergusonforMI1,Campaign
Gerald Van Sickle,U.S. Taxpayers,Michigan,2,None,None
Ben Boren,Libertarian,Michigan,1,None,None
Max Riekse,Libertarian,Michigan,2,None,None
Kathy Goodwin,Working Class,Michigan,5,None,None
James Harris,Libertarian,Michigan,5,None,None
John Lawrence,Green,Michigan,6,None,None
Andrea Kirby,Working Class,Michigan,9,None,None
Mike Saliba,Libertarian,Michigan,9,None,None
Leonard Schwartz,Libertarian,Michigan,11,None,None
Gary Walkowicz,Working Class,Michigan,12,None,None
Sam Johnson,Working Class,Michigan,13,None,None
D. Etta Wilcoxon,Green,Michigan,13,None,None
Robert Patrick,Republican,Michigan,14,None,None
Philip Kolody,Working Class,Michigan,14,None,None
Clyde Shabazz,Green,Michigan,14,None,None
Articia Bomer,U.S. Taxpayers,Michigan,13,ArticiaBomer,Personal
Dan Feehan,politician,Minnesota,1,danielfeehan,Campaign
Bill Rood,Legalize Cannabis,Minnesota,1,Antirepublocrat,Campaign
Tyler Kistner,Republican,Minnesota,2,KistnerCongress,Campaign
Adam Weeks,deceased,Minnesota,2,weeks2020,Campaign
Kendall Qualls,Republican,Minnesota,3,KendallQuallsMN,Campaign
Lacy Johnson,Republican,Minnesota,5,LacyJohnsonMN,Campaign
Tawnja Zahradka,Democratic,Minnesota,6,Tawnja4Congress,Campaign
Collin Peterson,Democratic,Minnesota,7,collincpeterson,Campaign
Rae Hart Anderson,Legalize Cannabis,Minnesota,7,GodisHere2day4U,Campaign
Quinn Nystrom,Democratic,Minnesota,8,QuinnNystrom,Campaign
Susan Sindt,Legalize Cannabis,Minnesota,4,None,None
Gene Rechtzigel,Republican,Minnesota,4,None,None
Michael Moore,Legal Marijuana,Minnesota,5,None,None
Slater Johnson,Legal Marijuana,Minnesota,7,None,None
Judith Schwartzbacker,Legalize Cannabis,Minnesota,8,None,None
Antonia Eliason,Democratic,Mississippi,1,Antonia4MS1,Campaign
Dot Benford,Democratic,Mississippi,3,None,None
Brian Flowers,Republican,Mississippi,2,None,None
Anthony Rogers,Republican,Missouri,1,MrAnthonyRogers,Campaign
Alex Furman,Libertarian,Missouri,1,alexforus,Campaign
Jill Schupp,Democratic,Missouri,2,JillSchupp,Campaign
Martin Schulte,Libertarian,Missouri,2,mvschulte,Campaign
Lindsey Simmons,Democratic,Missouri,4,LynzforCongress,Campaign
Ryan Derks,Republican,Missouri,5,thisisderks,Campaign
Robin Dominick,Libertarian,Missouri,5,RobinRD4MO,Campaign
Teresa Montseny,Democratic,Missouri,7,montsenyt,Campaign
Kathy Ellis,Democratic,Missouri,8,ellis4congress,Campaign
Tom Schmitz,Libertarian,Missouri,8,TomSchmitzEsq,Campaign
Gena L. Ross,Democratic,Missouri,6,GenaRossforMO6,Campaign
Leonard J. Steinman II,Libertarian,Missouri,3,None,None
Steven K. Koonse,Libertarian,Missouri,4,None,None
Megan Rezabek,Democratic,Missouri,3,None,None
Jim Higgins,Libertarian,Missouri,6,None,None
Kevin Craig,Libertarian,Missouri,7,None,None
Kathleen Williams,politician,Montana,1,WilliamsForMT,Campaign
Kate Bolz,Democratic,Nebraska,1,katejbolz,Campaign
Dennis Grace,Libertarian,Nebraska,1,thedennisgrace,Campaign
Mark Elworth,Democratic,Nebraska,3,MarkElworthJr,Campaign
Kara H. Eastman|Kara Eastman,Democratic,Nebraska,2,None,None
Tyler Schaeffer,Libertarian,Nebraska,2,None,None
Dustin Hobbs,Libertarian,Nebraska,3,None,None
Joyce Bentley,Republican,Nevada,1,JoyceBentleyCD1,Campaign
Robert Van Strawder,Libertarian,Nevada,1,strawvegasdon,Campaign
Kamau Bakari,Independent American,Nevada,1,bakarikamau,Campaign
Patricia Ackerman,Democratic,Nevada,2,PAckermanNV,Campaign
Jim Marchant,Republican,Nevada,4,VoteJimMarchant,Campaign
Janine Hansen,Independent American,Nevada,2,None,None
Daniel Rodimer|Dan Rodimer,Republican,Nevada,3,None,None
Steve Brown,Libertarian,Nevada,3,None,None
Edward Bridges,Independent American,Nevada,3,None,None
Jonathan Esteban,Libertarian,Nevada,4,None,None
Barry Rubinson,Independent American,Nevada,4,None,None
Zachary Dumont,Libertarian,New Hampshire,1,ZacharySDumont,Campaign
Steve Negron,Republican,New Hampshire,2,SteveNegronNH,Campaign
Andrew Olding,Libertarian,New Hampshire,2,AndrewOlding,Campaign
Matt Mowers,Republican,New Hampshire,1,None,None
Claire Gustafson,Republican,New Jersey,1,ClaireGForNJRep,Campaign
Amy Kennedy,Democratic,New Jersey,2,AmyKennedy715,Campaign
Jenna Harvey,Independent,New Jersey,2,JennaforSj,Campaign
Jesse Ehrnstrom,Libertarian,New Jersey,2,jesse4congress,Campaign
David Richter,Republican,New Jersey,3,DavidRichterNJ,Campaign
Stephanie Schmid,Democratic,New Jersey,4,StephLSchmid,Campaign
Michael Rufo,Libertarian,New Jersey,4,rufo4congress,Campaign
Frank Pallotta,Republican,New Jersey,5,FrankPallottaNJ,Campaign
Thomas Kean Jr.,Republican,New Jersey,7,KeanForCongress,Campaign
Dan Delaney,Libertarian,New Jersey,8,danforcongress,Campaign
Billy Prempeh,Republican,New Jersey,9,BillyPrempeh,Campaign
Jennifer Zinone,Republican,New Jersey,10,JenZinone,Campaign
Khaliah Fitchette,Independent,New Jersey,10,CongressKhaliah,Campaign
Akil Khalfani,Independent,New Jersey,10,DrK4Congress,Campaign
John Mirrione,Libertarian,New Jersey,10,JohnPMirrione,Campaign
Rosemary Becchi,Republican,New Jersey,11,Becchi4Congress,Campaign
Kenneth Cody,Independent,New Jersey,12,Cody4CongressNJ,Campaign
Hank Schroeder,Independent,New Jersey,4,hank_schroeder,Campaign
Andrew Pachuta,Independent,New Jersey,4,AndrewPachuta,Campaign
Martin Weber,Independent,New Jersey,3,None,None
Robert Shapiro,Independent Constitution,New Jersey,3,None,None
Christian Onuoha,Republican,New Jersey,6,None,None
Chris Auriemma,Independent,New Jersey,9,None,None
Mark Razzoli,Republican,New Jersey,12,None,None
Ed Forchion,Legalize Marijuana,New Jersey,12,NJWeedmansJoint,Personal
Louis Vellucci,Independent,New Jersey,5,louv55,Personal
Jason Mushnick,Republican,New Jersey,8,jtmush,Personal
Xochitl Torres Small,Democratic,New Mexico,2,XochforCongress,Campaign
Alexis Johnson,Republican,New Mexico,3,alexisjohnsonnm,Campaign
Michelle Garcia Holmes,Republican,New Mexico,1,None,None
Nancy Goroff,Democratic,New York,1,ngoroff,Campaign
Jackie Gordon,Democratic,New York,2,VoteJackie4NY,Campaign
Harry Burger,Green,New York,2,HarryRBurger,Campaign
Douglas Tuman,Republican,New York,4,ElectTuman,Campaign
Cathy Bernstein,Republican,New York,10,CathyCongress,Campaign
Michael Madrid,Libertarian,New York,10,madrid4nyc,Campaign
Max Rose,Democratic,New York,11,MaxRose4NY,Campaign
Carlos Santiago-Cano,Republican,New York,12,CarlosforNY12,Campaign
Steven Kolln,Libertarian,New York,12,stevenkolln,Campaign
Lovelynn Gwinn,Republican,New York,13,love4congress,Campaign
John Cummings,Republican,New York,14,cummings2020,Campaign
Michelle Caruso-Cabrera,Serve America,New York,14,MCaruso_Cabrera,Campaign
Yehudis Gottesfeld,Conservative,New York,17,YehudisForNY,Campaign
Chele Farley,Republican,New York,18,CheleFarley,Campaign
Scott Smith,Libertarian,New York,18,MrSmithCongress,Campaign
Victoria Alexander,Libertarian,New York,19,Alexander4Cong1,Campaign
Elizabeth Joy,Republican,New York,20,LizLemeryJoy,Campaign
Tedra Cobb,Democratic,New York,21,TedraCobb,Campaign
Anthony Brindisi,Democratic,New York,22,ABrindisiNY,Campaign
Tracy Mitrano,Democratic,New York,23,MitranoForNY23,Campaign
Andrew Kolstee,Libertarian,New York,23,AndrewKolstee,Campaign
Dana Balter,Democratic,New York,24,dana_balter,Campaign
George Mitris,Republican,New York,25,GeorgeMitris1,Campaign
Kevin Wilson,Libertarian,New York,25,KevinWilsonROC,Campaign
Nate McMurray,Democratic,New York,27,Nate_McMurray,Campaign
George Santos,Republican,New York,3,Santos4Congress,Campaign
Joseph Naham,Green,New York,4,MrDunes,Campaign
Tom Zmich,Republican,New York,6,tom_zmich,Personal
Joel Anabilah-Azumah,Serve America,New York,9,JoelAzumah,Personal
Maureen McArdle-Schulman,Republican,New York,17,Maureen4NY,Campaign
Steve Greenfield,Green,New York,19,Greenfield4NY19,Campaign
Michael Raleigh,Green,New York,26,MikeForBuffalo,Campaign
Howard Rabin,Libertarian,New York,3,None,None
Brian Kelly,Republican,New York,7,None,None
Gilbert Midonnet,Libertarian,New York,7,None,None
Garfield Wallace,Republican,New York,8,None,None
Constantin Jean-Pierre,Republican,New York,9,None,None
Christopher Morris-Perry,Conservative,New York,13,None,None
Patrick Delices,Republican,New York,15,None,None
Patrick McManus,Conservative,New York,16,None,None
Joshua Eisen,Independent,New York,17,None,None
Michael Parietti,Serve America,New York,17,None,None
Kyle Van De Water,Republican,New York,19,None,None
Keith Price,Libertarian,New York,22,None,None
Steven Williams,Working Families,New York,24,None,None
Ricky Donovan,Republican,New York,26,None,None
Duane Whitmer,Libertarian,New York,27,None,None
Gary Popkin,Libertarian,New York,9,garypopkin,Personal
Alan Swain,Republican,North Carolina,2,swain4congress,Campaign
Jeff Matemu,Libertarian,North Carolina,2,JeffNc2,Campaign
Robert Thomas,Republican,North Carolina,4,robertthomasnc1,Campaign
David Wilson Brown,Democratic,North Carolina,5,DWB4Congress,Campaign
Jeff Gregory,Constitution,North Carolina,5,JeffGre09936619,Campaign
Lee Haywood,Republican,North Carolina,6,1Haywood,Campaign
Patricia Timmons-Goodson,Democratic,North Carolina,8,TimmonsGoodson,Campaign
Cynthia Wallace,Democratic,North Carolina,9,WallaceCongress,Campaign
David Parker,Democratic,North Carolina,10,Parker4NC10,Campaign
Morris Davis,Democratic,North Carolina,11,MoeNc11,Campaign
Tracey DeBruhl,Libertarian,North Carolina,11,TDeBruhl,Campaign
Tamara Zwinak,Green,North Carolina,11,ZwinakNC11,Campaign
Scott Huffman,Democratic,North Carolina,13,HuffmanForNC,Campaign
Christopher M. Ward,Democratic,North Carolina,7,wardcongress,Campaign
Sandy Smith,Republican,North Carolina,1,None,None
Daryl Farrow,Democratic,North Carolina,3,None,None
Zach Raknerud,Democratic,North Dakota,1,ZachforND,Campaign
Steven Peterson,Libertarian,North Dakota,1,None,None
Kate Schroder,Democratic,Ohio,1,KateForCongress,Campaign
Jaime Castle,Democratic,Ohio,2,jaimecastleOH,Campaign
Mark Richardson,Republican,Ohio,3,RichardsonOH3,Campaign
Shannon Freshour,Democratic,Ohio,4,ShannonFreshour,Campaign
Nick Rubando,Democratic,Ohio,5,NickRubando,Campaign
Shawna Roberts,Democratic,Ohio,6,RobertsOhioD6,Campaign
Quentin Potter,Democratic,Ohio,7,quentinforoh7,Campaign
Brandon Lape,Libertarian,Ohio,7,LapeforOhio,Campaign
Vanessa Enoch,Democratic,Ohio,8,DrVEnoch,Campaign
Rob Weber,Republican,Ohio,9,WestPointWeber,Campaign
Desiree Tims,Democratic,Ohio,10,TimsDesiree,Campaign
Laverne Gore,Republican,Ohio,11,GoreLaverne,Campaign
Alaina Shearer,Democratic,Ohio,12,alainashearer,Campaign
Christina Hagan,Republican,Ohio,13,RepHagan,Campaign
Hillary O'Connor Mueri,Democratic,Ohio,14,HillaryMueri,Campaign
Joel Newby,Democratic,Ohio,15,NewbyOH15,Campaign
Kevin David Kahn,Libertarian,Ohio,1,Kahn4C,Campaign
John S. Stewart,Libertarian,Ohio,12,electjstewart,Campaign
Aaron Paul Godfrey,Democratic,Ohio,16,GodfreyForOH16,Campaign
Steve Perkins,Libertarian,Ohio,4,None,None
Michael Fricke,Libertarian,Ohio,13,None,None
Kojo Asamoa-Caesar,Democratic,Oklahoma,1,kojoforcongress,Campaign
Danyell Lanier,Democratic,Oklahoma,2,danyell_lanier,Campaign
Mary Brannon,Democratic,Oklahoma,4,ElectBrannon,Campaign
Kendra Horn,Democratic,Oklahoma,5,HornForCongress,Campaign
Richie Castaldo,Libertarian,Oklahoma,2,richiecastaldo,Deleted
Zoe Midyett,Democratic,Oklahoma,3,ZoeCongress2020,Deleted
Evelyn Rogers,Independent,Oklahoma,1,None,None
Bob White,Libertarian,Oklahoma,4,None,None
Alex Spenser,Democratic,Oregon,2,spenser2020,Campaign
Joanna Harbour,Republican,Oregon,3,joanna4oregon,Campaign
Alex DiBlasi,Pacific Green,Oregon,3,DiBlasi4Oregon,Campaign
Alek Skarlatos,Republican,Oregon,4,alekskarlatos,Campaign
Amy Ryan Courser,Republican,Oregon,5,AmyforOregon,Campaign
Matthew James Rix,Libertarian,Oregon,5,None,None
Christopher Christensen,Republican,Oregon,1,None,None
Josh Solomon,Libertarian,Oregon,3,None,None
Robert Werch,Libertarian,Oregon,2,RawFlyer,Personal
Daniel Hoffay,Pacific Green,Oregon,4,kogwonton,Personal
Christina Finello,Democratic,Pennsylvania,1,FinelloForPA,Campaign
Michael Harvey,Republican,Pennsylvania,3,FriendsHarvey,Campaign
Kathy Barnette,Republican,Pennsylvania,4,kathy4truth,Campaign
Dasha Pruett,Republican,Pennsylvania,5,DashaPruett,Campaign
John Emmons,Republican,Pennsylvania,6,Emmons4Congress,Campaign
Lisa Scheller,Republican,Pennsylvania,7,SchellerforPA,Campaign
Jim Bognet,Republican,Pennsylvania,8,Bognet4congress,Campaign
Gary Wegman,Democratic,Pennsylvania,9,DrGaryWegman,Campaign
Eugene DePasquale,Democratic,Pennsylvania,10,DePasqualePA,Campaign
Sarah Hammond,Democratic,Pennsylvania,11,sarahforus,Campaign
Todd Rowley,Democratic,Pennsylvania,13,ToddRowleyPA13,Campaign
Robert Williams,Democratic,Pennsylvania,15,williamsfor15,Campaign
Kristy Gnibus,Democratic,Pennsylvania,16,kristy4pa,Campaign
Sean Parnell,Republican,Pennsylvania,17,SeanParnellUSA,Campaign
Luke Negron,Republican,Pennsylvania,18,LukeEdison20,Campaign
William Marx,Democratic,Pennsylvania,14,BillforPA14,Deleted
David Torres,Republican,Pennsylvania,2,None,None
Lee Griffin,Democratic,Pennsylvania,12,None,None
Aníbal Acevedo Vilá,Popular Democratic/Democratic,Puerto Rico,1,anibalacevedo,Campaign
Zayira Jordán Conde,Citizen's Victory Movement,Puerto Rico,1,drajordanconde,Campaign
Ada Norah Henriquez,Dignity Project,Puerto Rico,1,AdaHenriquez1,Campaign
Luis Roberto Piñero,Puerto Rico Independence,Puerto Rico,1,luisrobertoII,Campaign
Robert Lancia,Republican,Rhode Island,2,BobLancia,Campaign
Jeffrey Lemire,Independent,Rhode Island,1,None,None
Frederick Wysocki,Independent,Rhode Island,1,None,None
Joe Cunningham,American politician,South Carolina,1,JoeCunninghamSC,Campaign
Hosea Cleveland,Democratic,South Carolina,3,ClevelandHosea,Campaign
Kim Nelson,Democratic,South Carolina,4,KimforSC,Campaign
Moe Brown,Democratic,South Carolina,5,MoeBrownSC,Campaign
John McCollum,Republican,South Carolina,6,MccollumFor,Campaign
Melissa Watson,Democratic,South Carolina,7,melissawatsonf1,Campaign
Adair Boroughs,Democratic,South Carolina,2,Adair4Congress,Deleted
Kathleen Wright,Constitution,South Carolina,2,None,None
Michael Chandler,Constitution,South Carolina,4,None,None
Mark Hackett,Constitution,South Carolina,6,None,None
Randy Luallin,Libertarian,South Dakota,1,None,None
Robert Michael Franklin Jr.,Democratic,Special elections,0,Missing,Missing
Blair Walsingham,Democratic,Tennessee,1,BlairWalsingham,Campaign
Steve Holder,Independent,Tennessee,1,SteveHolder_,Campaign
Renee Hoyos,Democratic,Tennessee,2,HoyosInTheHouse,Campaign
Meg Gorman,Democratic,Tennessee,3,Meg4Congress,Campaign
Amber Hysell,Independent,Tennessee,3,hysell2020,Campaign
Christopher Monday,Independent,Tennessee,6,CMonday4Liberty,Campaign
Kiran Sreepada,Democratic,Tennessee,7,Kiran4congress,Campaign
Ronald Brown,Independent,Tennessee,7,RonaldB35121782,Campaign
Erika Stotts Pearson,Democratic,Tennessee,8,erika_stotts,Campaign
Jon Dillard,Independent,Tennessee,8,JonDillard_TN8,Campaign
Charlotte Bergmann,Republican,Tennessee,9,ElectBergmann,Campaign
Keith Sweitzer,Independent,Tennessee,3,None,None
Christopher J. Hale,Democratic,Tennessee,4,chrisjollyhale,Campaign
"Scott Vieira, Jr.",Independent,Tennessee,7,ForVieira,Campaign
Matthew Campbell,Independent,Tennessee,2,None,None
Christopher Finley,Democratic,Tennessee,6,None,None
James Hart,Independent,Tennessee,8,None,None
Bobby Lyons,Independent,Tennessee,9,None,None
Dennis Clark,Independent,Tennessee,9,dennisdacomic,Personal
Hank Gilbert,Democratic,Texas,1,Hank4Texas,Campaign
Sima Ladjevardian,Democratic,Texas,2,SimaforTX,Campaign
Elliott Scheirman,Libertarian,Texas,2,VoteScheirman,Campaign
Lulu Seikaly,Democratic,Texas,3,LuluForTexas,Campaign
Russell Foster,Democratic,Texas,4,RussellFosterTX,Campaign
Lou Antonelli,Libertarian,Texas,4,LouAntonelli,Campaign
Carolyn Salter,Democratic,Texas,5,SalterforTexas,Campaign
Kevin Hale,Libertarian,Texas,5,HaleGive,Campaign
Stephen Daniel,Democratic,Texas,6,stephendaniel,Campaign
Melanie Black,Libertarian,Texas,6,MelanieABlackf1,Campaign
Wesley Hunt,Republican,Texas,7,WesleyHuntTX,Campaign
Shawn Kelly,Libertarian,Texas,7,ShawnKelly2020,Campaign
Elizabeth Hernandez,Democratic,Texas,8,LizForTX8,Campaign
Johnny Teague,Republican,Texas,9,for_teague,Campaign
Mike Siegel,Democratic,Texas,10,siegelfortexas,Campaign
Roy Eriksen,Libertarian,Texas,10,royeriksen10,Campaign
Jon Mark Hogg,Democratic,Texas,11,jonmarkhogg,Campaign
Wacey Alpha Cody,Libertarian,Texas,11,WaceyCody,Campaign
Lisa Welch,Democratic,Texas,12,WelchforAll,Campaign
Trey Holcomb,Libertarian,Texas,12,TreyHolcomb,Campaign
Gus Trujillo,Democratic,Texas,13,GusForTX,Campaign
Adrienne Bell,Democratic,Texas,14,AdrBell,Campaign
Rick Kennedy,Democratic,Texas,17,RickKennedyTX17,Campaign
Wendell Champion,Republican,Texas,18,ChampionTx2020,Campaign
Luke Spencer,Libertarian,Texas,18,LukeSpencer2020,Campaign
Vince Duncan,Independent,Texas,18,duncanvince23,Campaign
Tom Watson,Democratic,Texas,19,TomWatsonTX19,Campaign
Joe Burnes,Libertarian,Texas,19,JoeBurnes,Campaign
Mauro Garza,Republican,Texas,20,MauroGarzaTX21,Campaign
Wendy Davis,politician,Texas,21,wendydavis,Campaign
Sri Preston Kulkarni,Democratic,Texas,22,SriPKulkarni,Campaign
Gina Ortiz Jones,Democratic,Texas,23,ginaortizjones,Campaign
Candace Valenzuela,Democratic,Texas,24,candacefor24,Campaign
Darren Hamilton,Libertarian,Texas,24,DHamilton2020,Campaign
Steve Kuzmich,Independent,Texas,24,stevekuzmich,Campaign
Mark Bauer,Independent,Texas,24,MarkBauer,Campaign
Julie Oliver,Democratic,Texas,25,JulieForTX25,Campaign
Carol Iannuzzi,Democratic,Texas,26,caroltx26,Campaign
Mark Boler,Libertarian,Texas,26,markboler,Campaign
Ricardo de la Fuente,Democratic,Texas,27,ricky4congress,Campaign
Bekah Congdon,Libertarian,Texas,28,LibertyBeks,Campaign
Jaimy Blanco,Republican,Texas,29,blanco4congress,Campaign
Phil Kurtz,Libertarian,Texas,29,PhilKurtz3,Campaign
Tre Pennie,Republican,Texas,30,sgt_pennie,Campaign
Eric Williams,Independent,Texas,30,thefutured30,Campaign
Donna Imam,Democratic,Texas,31,donnaimamtx,Campaign
Clark Patterson,Libertarian,Texas,31,clarkpatterso12,Campaign
Genevieve Collins,Republican,Texas,32,gcforcongress,Campaign
Christy Mowrey Peterson,Libertarian,Texas,32,ElectMowrey,Campaign
Jason Sigmon,Independent,Texas,32,jasonxsigmon,Campaign
Fabian Vasquez,Republican,Texas,33,FCV2020Campaign,Campaign
Carlos Quintanilla,Independent,Texas,33,accionamerica,Campaign
Renedria Welton,Independent,Texas,33,Welton4US,Campaign
Rey Gonzalez,Republican,Texas,34,reygonzalez34,Campaign
Anthony Cristo,Libertarian,Texas,34,CristoDude,Campaign
Rashad Lewis,Democratic,Texas,36,RLewis4Congress,Campaign
José Sosa,Libertarian,Texas,9,Sosa4Congress,Campaign
Monica de la Cruz-Hernandez,Republican,Texas,15,monica4congress,Campaign
Tommy Wakely,Green,Texas,21,Wakely2020,Campaign
"Joseph LeBlanc, Jr.",Libertarian,Texas,22,PieRatKing,Campaign
Jenny Sharon,Republican,Texas,35,jenny4congress,Campaign
"Jason Mata, Sr.",Independent,Texas,35,None,None
"Hal Ridley, Jr.",Green,Texas,36,HalRidleyJr,Campaign
Christopher Claytor,Libertarian,Texas,3,None,None
Chris Duncan,Libertarian,Texas,8,None,None
Ross Lynn Leone,Libertarian,Texas,15,None,None
Ted Brown,Libertarian,Texas,17,None,None
Jeffrey Blunt,Libertarian,Texas,20,None,None
Arthur DiBianca,Libertarian,Texas,21,None,None
Beto Villela,Libertarian,Texas,23,None,None
Bill Kelsey,Libertarian,Texas,25,None,None
Phil Gray,Libertarian,Texas,27,None,None
Sandra Whitten,Republican,Texas,28,None,None
Jason Reeves,Libertarian,Texas,33,None,None
Chris Royal,Independent,Texas,34,None,None
Mark Loewe,Libertarian,Texas,35,None,None
Chad Abbey,Libertarian,Texas,36,None,None
Jack Westbrook,Libertarian,Texas,13,ministerjWb,Personal
Irene Armendariz-Jackson,Republican,Texas,16,amazingurl09,Personal
Shekema George,Independent,United States Virgin Islands,1,None,None
Darren Parry,Democratic,Utah,1,darrenforutah,Campaign
Kael Weston,Democratic,Utah,2,kaelweston?lang=en,Campaign
J. Robert Latham,Libertarian,Utah,2,freeutahns,Campaign
Devin Thorpe,Democratic,Utah,3,devindthorpe,Campaign
Ben McAdams,Democratic,Utah,4,BenMcAdams,Campaign
John Molnar,Libertarian,Utah,4,Gear6A,Campaign
Jonia Broderick,United Utah,Utah,4,teamjonia2020,Campaign
Daniel Cummings,Constitution,Utah,3,None,None
Thomas McNeill,United Utah,Utah,3,None,None
Marcia Horne,Independent,Vermont,1,ElectHorne,Campaign
Christopher Helali,Communist,Vermont,1,ChrisHelali,Campaign
Peter Becker,Independent,Vermont,1,None,None
Shawn Orr,Independent,Vermont,1,None,None
Jerry Trudell,Independent,Vermont,1,None,None
Miriam Berry,Republican,Vermont,1,MiriamBerry3,Personal
Qasim Rashid,Democratic,Virginia,1,QasimRashid,Campaign
Scott Taylor,politician,Virginia,2,Scotttaylorva,Campaign
David Foster,Independent,Virginia,2,RsvpTruth,Campaign
John Collick,Republican,Virginia,3,johncollick,Campaign
Leon Benjamin,Republican,Virginia,4,Leon4Congress,Campaign
Cameron Webb,Democratic,Virginia,5,DrCameronWebb,Campaign
Nicholas Betts,Democratic,Virginia,6,VoteForBetts,Campaign
Nick Freitas,Republican,Virginia,7,TeamNickVA,Campaign
Jeff Jordan,Republican,Virginia,8,JeffJordan2020,Campaign
Aliscia Andrews,Republican,Virginia,10,alisciaandrews,Campaign
Manga Anantatmula,Republican,Virginia,11,Manga4Congress,Campaign
Jeffrey Beeler,Republican,Washington,1,Beeler4Congress,Campaign
Carolyn Long,Democratic,Washington,3,ElectLong,Campaign
Dave Wilson,Democratic,Washington,5,Elect_DaveW,Campaign
Elizabeth Kreiselmaier,Republican,Washington,6,cleanupthehouse,Campaign
Jesse Jensen,Republican,Washington,8,JesseJensenWA,Campaign
Doug Basler,Republican,Washington,9,dougbasler,Campaign
Beth Doglio,Democratic,Washington,10,BethDoglio,Campaign
Tim Hazelo,Republican,Washington,2,Hazelo4congress,Deleted
Douglas McKinley,Democratic,Washington,4,vote4mckinley,Campaign
Craig Keller,Republican,Washington,7,None,None
Natalie Cline,Democratic,West Virginia,1,NatalieClineWV,Campaign
Cathy Kunkel,Democratic,West Virginia,2,Kunkel4Congress,Campaign
Hilary Turner,Democratic,West Virginia,3,HilaryTurnerWV,Campaign
Roger Polack,Democratic,Wisconsin,1,RogerforWI,Campaign
Peter Theron,Republican,Wisconsin,2,petertheron,Campaign
Derrick Van Orden,Republican,Wisconsin,3,derrickvanorden,Campaign
Tim Rogers,Republican,Wisconsin,4,RogersforCong,Campaign
Tom Palzewicz,Democratic,Wisconsin,5,tomforwi,Campaign
Jessica King,Democratic,Wisconsin,6,#!,Campaign
Tricia Zunker,Democratic,Wisconsin,7,TriciaforWI,Campaign
Amanda Stuck,Democratic,Wisconsin,8,AmandaStuck8,Campaign
Robert Raymond,Independent,Wisconsin,4,None,None
Lynnette Grey Bull,Democratic,Wyoming,1,GreyBull4WY,Campaign
Jeff Haggit,Constitution,Wyoming,1,Jeff36982230,Campaign
Richard Brubaker,Libertarian,Wyoming,1,None,None