Kweisi Mfume,Democratic,Special elections,0,Mfume4Congress,Campaign
Mike Garcia,Republican,Special elections,0,RepMikeGarcia,Official
Tom Tiffany,Republican,Special elections,0,TomTiffanyWI,Campaign
Chris Jacobs,Republican,Special elections,0,Missing,Missing
Kwanza Hall,Democratic,Special elections,0,None,None
Jerry Carl,Republican,Alabama,1,RepJerryCarl,Official
Barry Moore,Republican,Alabama,2,RepBarryMoore,Official
Mike Rogers,Republican,Alabama,3,RepMikeRogersAL,Official
Robert Aderholt,Republican,Alabama,4,Robert_Aderholt,Official
Mo Brooks,Republican,Alabama,5,MoBrooks,Campaign
Gary Palmer,Republican,Alabama,6,USRepGaryPalmer,Official
Terri Sewell,Democratic,Alabama,7,RepTerriSewell,Official
Don Young,Republican,Alaska,1,None,None
Tom O'Halleran,Democratic,Arizona,1,repohalleran,Official
Ann Kirkpatrick,Democratic,Arizona,2,Ann_Kirkpatrick,Campaign
Raúl Grijalva,Democratic,Arizona,3,Missing,Missing
Paul Gosar,Republican,Arizona,4,DrPaulGosar,Personal
Andy Biggs,Republican,Arizona,5,andybiggs4az,Campaign
David Schweikert,Republican,Arizona,6,RepDavid,Official
Ruben Gallego,Democratic,Arizona,7,RepRubenGallego,Official
Debbie Lesko,Republican,Arizona,8,DebbieLesko,Campaign
Greg Stanton,Democratic,Arizona,9,gregstantonaz,Campaign
Rick Crawford,Republican,Arkansas,1,RepRickCrawford,Official
French Hill,Republican,Arkansas,2,RepFrenchHill,Official
Steve Womack,Republican,Arkansas,3,rep_stevewomack,Official
Bruce Westerman,Republican,Arkansas,4,bruce_westerman,Personal
Doug LaMalfa,Republican,California,1,DougLaMalfa,Campaign
Jared Huffman,Democratic,California,2,JaredHuffman,Campaign
John Garamendi,Democratic,California,3,JohnGaramendi,Campaign
Tom McClintock,Republican,California,4,RepMcClintock,Official
Mike Thompson,Democratic,California,5,Mike_CA05,Campaign
Doris Matsui,Democratic,California,6,Matsui4Congress,Campaign
Ami Bera,Democratic,California,7,RepBera,Official
Jay Obernolte,Republican,California,8,TeamObernolte,Campaign
Jerry McNerney,Democratic,California,9,jerrymcnerney,Campaign
Josh Harder,Democratic,California,10,JoshHarder,Campaign
Mark DeSaulnier,Democratic,California,11,MarkDeSaulnier,Campaign
Nancy Pelosi,Democratic,California,12,SpeakerPelosi,Official
Barbara Lee,Democratic,California,13,BLeeForCongress,Campaign
Jackie Speier,Democratic,California,14,JackieSpeier,Campaign
Eric Swalwell,Democratic,California,15,ericswalwell,Campaign
Jim Costa,Democratic,California,16,RepJimCosta,Official
Ro Khanna,Democratic,California,17,RoKhanna,Campaign
Anna Eshoo,Democratic,California,18,RepAnnaEshoo,Official
Zoe Lofgren,Democratic,California,19,ZoeLofgren,Campaign
Jimmy Panetta,Democratic,California,20,RepJimmyPanetta,Official
David Valadao,Republican,California,21,RepDavidValadao,Official
Devin Nunes,Republican,California,22,Team_Nunes,Campaign
Kevin McCarthy,Republican,California,23,kevinomccarthy,Campaign
Salud Carbajal,Democratic,California,24,RepCarbajal,Official
Mike Garcia,Republican,California,25,RepMikeGarcia,Official
Julia Brownley,Democratic,California,26,JuliaBrownley,Campaign
Judy Chu,Democratic,California,27,JudyChuCampaign,Campaign
Adam Schiff,Democratic,California,28,AdamSchiff,Campaign
Tony Cárdenas,Democratic,California,29,Tcardenas,Personal
Brad Sherman,Democratic,California,30,BradSherman,Official
Pete Aguilar,Democratic,California,31,AguilarCampaign,Campaign
Grace F. Napolitano,Democratic,California,32,Missing,Missing
Ted W. Lieu,Democratic,California,33,Missing,Missing
Jimmy Gomez,Democratic,California,34,JimmyGomezCA,Campaign
Norma J. Torres,Democratic,California,35,Missing,Missing
Raul Ruiz,Democratic,California,36,RepRaulRuizMD,Official
Karen Bass,Democratic,California,37,KarenBassTweets,Campaign
Linda T. Sánchez,Democratic,California,38,LindaTSanchez,Campaign
Young Kim,Republican,California,39,RepYoungKim,Official
Lucille Roybal-Allard,Democratic,California,40,RepRoybalAllard,Official
Mark Takano,Democratic,California,41,MarkTakano,Campaign
Ken Calvert,Republican,California,42,TeamCalvert,Campaign
Maxine Waters,Democratic,California,43,RepMaxineWaters,Official
Nanette Barragán,Democratic,California,44,Nanette4CA,Campaign
Katie Porter,Democratic,California,45,RepKatiePorter,Official
Lou Correa,Democratic,California,46,RepLouCorrea,Official
Alan Lowenthal,Democratic,California,47,alanlowenthal,Campaign
Michelle Steel,Republican,California,48,RepSteel,Official
Mike Levin,Democratic,California,49,MikeLevin,Campaign
Darrell Issa,Republican,California,50,TeamIssa,Campaign
Juan Vargas,Democratic,California,51,RepJuanVargas,Official
Scott Peters,Democratic,California,52,ScottPetersSD,Campaign
Sara Jacobs,Democratic,California,53,SaraJacobsCA,Campaign
Diana DeGette,Democratic,Colorado,1,DeGette5280,Campaign
Joe Neguse,Democratic,Colorado,2,JoeNeguse,Campaign
Lauren Boebert,Republican,Colorado,3,RepBoebert,Official
Ken Buck,Republican,Colorado,4,BuckForColorado,Campaign
Doug Lamborn,Republican,Colorado,5,RepDLamborn,Official
Jason Crow,Democratic,Colorado,6,repjasoncrow,Official
Ed Perlmutter,Democratic,Colorado,7,Ed4Colorado,Campaign
John B. Larson,Democratic,Connecticut,1,RepJohnLarson,Official
Joe Courtney,Democratic,Connecticut,2,joecourtneyct,Campaign
Rosa DeLauro,Democratic,Connecticut,3,Rosa_DeLauro,Campaign
Jim Himes,Democratic,Connecticut,4,jahimes,Campaign
Jahana Hayes,Democratic,Connecticut,5,JahanaHayesCT,Campaign
Lisa Blunt Rochester,Democratic,Delaware,1,LisaBRochester,Campaign
Matt Gaetz,Republican,Florida,1,mattgaetz,Campaign
Neal Dunn,Republican,Florida,2,DunnCampaign,Campaign
Kat Cammack,Republican,Florida,3,KatCammack,Personal
John Rutherford,Republican,Florida,4,JRutherfordFL,Campaign
Al Lawson,Democratic,Florida,5,AlLawsonJR,Campaign
Michael Waltz,Republican,Florida,6,michaelgwaltz,Campaign
Stephanie Murphy,Democratic,Florida,7,SMurphyCongress,Campaign
Bill Posey,Republican,Florida,8,PoseyCampaign,Campaign
Darren Soto,Democratic,Florida,9,DarrenSoto,Campaign
Val Demings,Democratic,Florida,10,valdemings,Campaign
Daniel Webster,Republican,Florida,11,WebsterCongress,Campaign
Gus Bilirakis,Republican,Florida,12,RepGusBilirakis,Official
Charlie Crist,Democratic,Florida,13,CharlieCrist,Campaign
Kathy Castor,Democratic,Florida,14,KathyCastorFL,Campaign
Scott Franklin,Republican,Florida,15,ScottFranklinFL,Campaign
Vern Buchanan,Republican,Florida,16,VernBuchanan,Official
Greg Steube,Republican,Florida,17,RepGregSteube,Official
Brian Mast,Republican,Florida,18,BrianMastFL,Campaign
Byron Donalds,Republican,Florida,19,ByronDonalds,Campaign
Alcee Hastings,Democratic,Florida,20,None,None
Lois Frankel,Democratic,Florida,21,LoisFrankel,Campaign
Ted Deutch,Democratic,Florida,22,TedDeutch,Campaign
Debbie Wasserman Schultz,Democratic,Florida,23,DWStweets,Campaign
Frederica Wilson,Democratic,Florida,24,FSWInTheHouse,Campaign
Mario Díaz-Balart,Republican,Florida,25,Missing,Missing
Carlos A. Giménez,Republican,Florida,26,Missing,Missing
Maria Elvira Salazar,Republican,Florida,27,MaElviraSalazar,Campaign
Buddy Carter,Republican,Georgia,1,repBuddyCarter,Official
Sanford Bishop,Democratic,Georgia,2,SanfordBishop,Official
Drew Ferguson,Republican,Georgia,3,RepDrewFerguson,Official
Hank Johnson,Democratic,Georgia,4,RepHankJohnson,Official
Nikema Williams,Democratic,Georgia,5,RepNikema,Official
Lucy McBath,Democratic,Georgia,6,lucymcbath,Campaign
Carolyn Bourdeaux,Democratic,Georgia,7,Carolyn4GA7,Campaign
Austin Scott,Republican,Georgia,8,AustinScottGA08,Official
Andrew Clyde,Republican,Georgia,9,Rep_Clyde,Official
Jody Hice,Republican,Georgia,10,JodyHice,Campaign
Barry Loudermilk,Republican,Georgia,11,reploudermilk,Official
Rick W. Allen,Republican,Georgia,12,RepRickAllen,Official
David Scott,Democratic,Georgia,13,repdavidscott,Official
Marjorie Taylor Greene,Republican,Georgia,14,RepMTG,Official
Ed Case,Democratic,Hawaii,1,EdCaseHawaii,Campaign
Kai Kahele,Democratic,Hawaii,2,kaikahele,Campaign
Russ Fulcher,Republican,Idaho,1,RepRussFulcher,Official
Mike Simpson,Republican,Idaho,2,None,None
Bobby Rush,Democratic,Illinois,1,bobbyrushfor1st,Campaign
Robin Kelly,Democratic,Illinois,2,RepRobinKelly,Official
Marie Newman,Democratic,Illinois,3,RepMarieNewman,Official
"Jesús ""Chuy"" García",Democratic,Illinois,4,Missing,Missing
Mike Quigley,Democratic,Illinois,5,RepMikeQuigley,Official
Sean Casten,Democratic,Illinois,6,SeanCasten,Personal
Danny K. Davis,Democratic,Illinois,7,RepDannyDavis,Official
Raja Krishnamoorthi,Democratic,Illinois,8,CongressmanRaja,Official
Jan Schakowsky,Democratic,Illinois,9,RepSchakowsky,Official
Brad Schneider,Democratic,Illinois,10,repschneider,Official
Bill Foster,Democratic,Illinois,11,RepBillFoster,Official
Mike Bost,Republican,Illinois,12,RepBost,Official
Rodney Davis,Republican,Illinois,13,RodneyDavis,Official
Lauren Underwood,Democratic,Illinois,14,RepUnderwood,Official
Mary Miller,Republican,Illinois,15,RepMaryMiller,Official
Adam Kinzinger,Republican,Illinois,16,repkinzinger,Official
Cheri Bustos,Democratic,Illinois,17,cheribustos,Campaign
Darin LaHood,Republican,Illinois,18,RepLaHood,Official
Frank J. Mrvan,Democratic,Indiana,1,Missing,Missing
Jackie Walorski,Republican,Indiana,2,jackiewalorski,Campaign
Jim Banks,Republican,Indiana,3,TeamJimBanks,Campaign
Jim Baird,Republican,Indiana,4,ElectJimBaird,Campaign
Victoria Spartz,Republican,Indiana,5,Victoria_Spartz,Campaign
Greg Pence,Republican,Indiana,6,GregPenceIN,Campaign
André Carson,Democratic,Indiana,7,Andre4Congress,Campaign
Larry Bucshon,Republican,Indiana,8,DrLarryBucshon,Campaign
Trey Hollingsworth,Republican,Indiana,9,VoteForTrey,Campaign
Ashley Hinson,Republican,Iowa,1,hinsonashley,Campaign
Mariannette Miller-Meeks,Republican,Iowa,2,RepMMM,Official
Cindy Axne,Democratic,Iowa,3,RepCindyAxne,Official
Randy Feenstra,Republican,Iowa,4,RepFeenstra,Official
Tracey Mann,Republican,Kansas,1,TraceyMannKS,Campaign
Jake LaTurner,Republican,Kansas,2,Missing,Missing
Sharice Davids,Democratic,Kansas,3,ShariceDavids,Campaign
Ron Estes,Republican,Kansas,4,RepRonEstes,Official
James Comer,Republican,Kentucky,1,JamesComer,Personal
Brett Guthrie,Republican,Kentucky,2,brettguthrie,Campaign
John Yarmuth,Democratic,Kentucky,3,RepJohnYarmuth,Official
Thomas Massie,Republican,Kentucky,4,MassieforKY,Campaign
Hal Rogers,Republican,Kentucky,5,HalRogersKY5,Campaign
Andy Barr,Republican,Kentucky,6,barrforcongress,Campaign
Steve Scalise,Republican,Louisiana,1,SteveScaliseGOP,Campaign
Cedric Richmond,Democratic,Louisiana,2,CedricRichmond,Campaign
Clay Higgins,Republican,Louisiana,3,CaptClayHiggins,Campaign
Mike Johnson,Republican,Louisiana,4,MikeJohnson,Campaign
Luke Letlow}}{{Efn,Republican,Louisiana,5,None,None
Garret Graves,Republican,Louisiana,6,garretgraves,Campaign
Chellie Pingree,Democratic,Maine,1,chelliepingree,Official
Jared Golden,Democratic,Maine,2,RepGolden,Official
Andrew P. Harris,Republican,Maryland,1,Missing,Missing
Dutch Ruppersberger,Democratic,Maryland,2,GoDutchForMD,Campaign
John Sarbanes,Democratic,Maryland,3,JohnSarbanes,Campaign
Anthony G. Brown,Democratic,Maryland,4,RepAnthonyBrown,Official
Steny Hoyer,Democratic,Maryland,5,StenyHoyer,Campaign
David Trone,Democratic,Maryland,6,repdavidtrone,Official
Kweisi Mfume,Democratic,Maryland,7,Mfume4Congress,Campaign
Jamie Raskin,Democratic,Maryland,8,jamie_raskin,Campaign
Richard Neal,Democratic,Massachusetts,1,RepRichardNeal,Official
Jim McGovern,Democratic,Massachusetts,2,McGovernMA,Campaign
Lori Trahan,Democratic,Massachusetts,3,LoriTrahanMA,Campaign
Jake Auchincloss,Democratic,Massachusetts,4,JakeAuch,Campaign
Katherine Clark,Democratic,Massachusetts,5,KatherineClark,Campaign
Seth Moulton,Democratic,Massachusetts,6,sethmoulton,Campaign
Ayanna Pressley,Democratic,Massachusetts,7,RepPressley,Official
Stephen F. Lynch,Democratic,Massachusetts,8,RepLynch,Campaign
Bill Keating,Democratic,Massachusetts,9,WilliamKeating,Campaign
Jack Bergman,Republican,Michigan,1,JackBergman_MI1,Campaign
Bill Huizenga,Republican,Michigan,2,RepHuizenga,Official
Peter Meijer,Republican,Michigan,3,pjfm,Personal
John Moolenaar,Republican,Michigan,4,RepMoolenaar,Official
Dan Kildee,Democratic,Michigan,5,RepDanKildee,Official
Fred Upton,Republican,Michigan,6,UptonForAllOfUs,Campaign
Tim Walberg,Republican,Michigan,7,RepWalberg,Official
Elissa Slotkin,Democratic,Michigan,8,RepSlotkin,Official
Andy Levin,Democratic,Michigan,9,repandylevin,Official
Lisa McClain,Republican,Michigan,10,LisaForCongress,Campaign
Haley Stevens,Democratic,Michigan,11,RepHaleyStevens,Official
Debbie Dingell,Democratic,Michigan,12,debdingell,Campaign
Rashida Tlaib,Democratic,Michigan,13,RashidaTlaib,Campaign
Brenda Lawrence,Democratic,Michigan,14,BrendaLLawrence,Campaign
Jim Hagedorn,Republican,Minnesota,1,JimHagedornMN,Campaign
Angie Craig,Democratic,Minnesota,2,RepAngieCraig,Official
Dean Phillips,Democratic,Minnesota,3,deanbphillips,Campaign
Betty McCollum,Democratic,Minnesota,4,BettyMcCollum04,Official
Ilhan Omar,Democratic,Minnesota,5,IlhanMN,Campaign
Tom Emmer,Republican,Minnesota,6,tomemmer,Campaign
Michelle Fischbach,Republican,Minnesota,7,FischbachMN7,Campaign
Pete Stauber,Republican,Minnesota,8,PeteStauber,Campaign
Trent Kelly,Republican,Mississippi,1,reptrentkelly,Official
Bennie Thompson,Democratic,Mississippi,2,BennieGThompson,Official
Michael Guest,Republican,Mississippi,3,RepMichaelGuest,Official
Steven Palazzo,Republican,Mississippi,4,CongPalazzo,Official
Cori Bush,Democratic,Missouri,1,RepCori,Official
Ann Wagner,Republican,Missouri,2,AnnLWagner,Campaign
Blaine Luetkemeyer,Republican,Missouri,3,luetkemeyerb,Campaign
Vicky Hartzler,Republican,Missouri,4,VickyHartzlerMO,Campaign
Emanuel Cleaver,Democratic,Missouri,5,Vote4Cleaver,Campaign
Sam Graves,Republican,Missouri,6,RepSamGraves,Official
Billy Long,Republican,Missouri,7,auctnr1,Campaign
Jason Smith,Republican,Missouri,8,RepJasonSmith,Official
Matt Rosendale,Republican,Montana,1,RepRosendale,Official
Jeff Fortenberry,Republican,Nebraska,1,supportfotNE,Campaign
Don Bacon,Republican,Nebraska,2,DonJBacon,Campaign
Adrian Smith,Republican,Nebraska,3,RepAdrianSmith,Official
Dina Titus,Democratic,Nevada,1,repdinatitus,Official
Mark Amodei,Republican,Nevada,2,markamodeinv2,Official
Susie Lee,Democratic,Nevada,3,RepSusieLee,Official
Steven Horsford,Democratic,Nevada,4,RepHorsford,Official
Chris Pappas,Democratic,New Hampshire,1,ChrisPappasNH,Campaign
Ann McLane Kuster,Democratic,New Hampshire,2,AnnMcLaneKuster,Campaign
Donald Norcross,Democratic,New Jersey,1,DonNorcross4NJ,Campaign
Jeff Van Drew,Republican,New Jersey,2,VanDrewForNJ,Campaign
Andy Kim,Democratic,New Jersey,3,Missing,Missing
Chris Smith,Republican,New Jersey,4,None,None
Josh Gottheimer,Democratic,New Jersey,5,RepJoshG,Official
Frank Pallone,Democratic,New Jersey,6,pallonefornj,Campaign
Tom Malinowski,Democratic,New Jersey,7,RepMalinowski,Official
Albio Sires,Democratic,New Jersey,8,AlbioSiresNJ,Campaign
Bill Pascrell,Democratic,New Jersey,9,pascrellfornj,Campaign
Donald Payne Jr.,Democratic,New Jersey,10,RepDonaldPayne,Official
Mikie Sherrill,Democratic,New Jersey,11,RepSherrill,Official
Bonnie Watson Coleman,Democratic,New Jersey,12,Bonnie4Congress,Campaign
Deb Haaland,Democratic,New Mexico,1,Missing,Missing
Yvette Herrell,Republican,New Mexico,2,RepHerrell,Official
Teresa Leger Fernandez,Democratic,New Mexico,3,TeresaForNM,Campaign
Lee Zeldin,Republican,New York,1,leezeldin,Campaign
Andrew Garbarino,Republican,New York,2,GarbarinoforNY,Campaign
Thomas Suozzi,Democratic,New York,3,Missing,Missing
Kathleen Rice,Democratic,New York,4,KathleenRice,Campaign
Gregory Meeks,Democratic,New York,5,GregMeeksNYC,Campaign
Grace Meng,Democratic,New York,6,grace4ny,Campaign
Nydia Velázquez,Democratic,New York,7,ReElectNydia,Campaign
Hakeem Jeffries,Democratic,New York,8,hakeem_jeffries,Campaign
Yvette Clarke,Democratic,New York,9,VoteYvette,Campaign
Jerry Nadler,Democratic,New York,10,RepJerryNadler,Official
Nicole Malliotakis,Republican,New York,11,NMalliotakis,Campaign
Carolyn Maloney,Democratic,New York,12,CarolynBMaloney,Campaign
Adriano Espaillat,Democratic,New York,13,EspaillatNY,Campaign
Alexandria Ocasio-Cortez,Democratic,New York,14,AOC,Campaign
Ritchie Torres,Democratic,New York,15,RitchieTorres,Personal
Jamaal Bowman,Democratic,New York,16,JamaalBowmanNY,Campaign
Mondaire Jones,Democratic,New York,17,MondaireJones,Campaign
Sean Patrick Maloney,Democratic,New York,18,spmaloney,Campaign
Antonio Delgado,Democratic,New York,19,DelgadoforNY19,Campaign
Paul Tonko,Democratic,New York,20,PaulTonko,Campaign
Elise Stefanik,Republican,New York,21,EliseStefanik,Campaign
Claudia Tenney,Republican,New York,22,RepTenney,Official
Tom Reed,Republican,New York,23,TomReedCongress,Campaign
John Katko,Republican,New York,24,RepJohnKatko,Official
Joseph Morelle,Democratic,New York,25,votemorelle,Campaign
Brian Higgins,Democratic,New York,26,Higgins4WNY,Campaign
Chris Jacobs,Republican,New York,27,Missing,Missing
G. K. Butterfield,Democratic,North Carolina,1,GKButterfield,Official
Deborah K. Ross,Democratic,North Carolina,2,DeborahRossNC,Campaign
Greg Murphy,Republican,North Carolina,3,GregMurphyMD,Campaign
David Price,Democratic,North Carolina,4,RepDavidEPrice,Official
Virginia Foxx,Republican,North Carolina,5,foxxforcongress,Campaign
Kathy Manning,Democratic,North Carolina,6,KathyManningNC,Campaign
David Rouzer,Republican,North Carolina,7,DavidRouzer,Campaign
Richard Hudson,Republican,North Carolina,8,RepRichHudson,Campaign
Dan Bishop,Republican,North Carolina,9,jdanbishop,Campaign
Patrick McHenry,Republican,North Carolina,10,McHenryCampaign,Campaign
Madison Cawthorn,Republican,North Carolina,11,CawthornforNC,Campaign
Alma Adams,Democratic,North Carolina,12,AlmaforCongress,Campaign
Ted Budd,Republican,North Carolina,13,TedBuddNC,Campaign
Kelly Armstrong,Republican,North Dakota,1,Armstrong_ND,Campaign
Steve Chabot,Republican,Ohio,1,SteveChabot,Campaign
Brad Wenstrup,Republican,Ohio,2,bradwenstrup,Campaign
Joyce Beatty,Democratic,Ohio,3,JoyceBeatty,Campaign
Jim Jordan,Republican,Ohio,4,Jim_Jordan,Official
Bob Latta,Republican,Ohio,5,latta4congress,Campaign
Bill Johnson,Republican,Ohio,6,JohnsonLeads,Campaign
Bob Gibbs,Republican,Ohio,7,Bob_Gibbs,Campaign
Warren Davidson,Republican,Ohio,8,Vote_Davidson,Campaign
Marcy Kaptur,Democratic,Ohio,9,Marcy_Kaptur,Campaign
Mike Turner,Republican,Ohio,10,None,None
Marcia Fudge,Democratic,Ohio,11,mlfudge,Campaign
Troy Balderson,Republican,Ohio,12,RepBalderson,Official
Tim Ryan,Democratic,Ohio,13,TimRyan,Campaign
David Joyce,Republican,Ohio,14,DaveJoyceOH14,Campaign
Steve Stivers,Republican,Ohio,15,None,None
Anthony Gonzalez,Republican,Ohio,16,RepAGonzalez,Official
Kevin Hern,Republican,Oklahoma,1,krhern,Campaign
Markwayne Mullin,Republican,Oklahoma,2,RepMullin,Official
Frank Lucas,Republican,Oklahoma,3,FrankDLucas,Campaign
Tom Cole,Republican,Oklahoma,4,TomColeOK04,Official
Stephanie Bice,Republican,Oklahoma,5,stephaniebice,Campaign
Suzanne Bonamici,Democratic,Oregon,1,repbonamici,Official
Cliff Bentz,Republican,Oregon,2,RepBentz,Official
Earl Blumenauer,Democratic,Oregon,3,None,None
Peter DeFazio,Democratic,Oregon,4,defazio4oregon,Campaign
Kurt Schrader,Democratic,Oregon,5,VoteSchrader,Campaign
Brian Fitzpatrick,Republican,Pennsylvania,1,RepBrianFitz,Official
Brendan Boyle,Democratic,Pennsylvania,2,CongBoyle,Official
Dwight Evans,Democratic,Pennsylvania,3,RepDwightEvans,Official
Madeleine Dean,Democratic,Pennsylvania,4,RepDean,Official
Mary Gay Scanlon,Democratic,Pennsylvania,5,repmgs,Official
Chrissy Houlahan,Democratic,Pennsylvania,6,rephoulahan,Official
Susan Wild,Democratic,Pennsylvania,7,RepSusanWild,Official
Matt Cartwright,Democratic,Pennsylvania,8,RepCartwright,Official
Dan Meuser,Republican,Pennsylvania,9,RepMeuser,Official
Scott Perry,Republican,Pennsylvania,10,RepScottPerry,Official
Lloyd Smucker,Republican,Pennsylvania,11,RepSmucker,Official
Fred Keller,Republican,Pennsylvania,12,RepFredKeller,Official
John Joyce,Republican,Pennsylvania,13,RepJohnJoyce,Official
Guy Reschenthaler,Republican,Pennsylvania,14,GReschenthaler,Official
Glenn Thompson,Republican,Pennsylvania,15,CongressmanGT,Official
Mike Kelly,Republican,Pennsylvania,16,MikeKellyforPA,Campaign
Conor Lamb,Democratic,Pennsylvania,17,ConorLambPA,Campaign
Michael F. Doyle,Democratic,Pennsylvania,18,rep_doyle,Campaign
David Cicilline,Democratic,Rhode Island,1,davidcicilline,Campaign
Jim Langevin,Democratic,Rhode Island,2,LangevinForRI,Campaign
Nancy Mace,Republican,South Carolina,1,NancyMace,Campaign
Joe Wilson,Republican,South Carolina,2,TeamJoeWilson,Campaign
Jeff Duncan,Republican,South Carolina,3,Duncan4Congress,Campaign
William Timmons,Republican,South Carolina,4,VoteTimmons,Campaign
Ralph Norman,Republican,South Carolina,5,RalphNorman,Campaign
Jim Clyburn,Democratic,South Carolina,6,ClyburnSC06,Campaign
Tom Rice,Republican,South Carolina,7,RepTomRice,Official
Dusty Johnson,Republican,South Dakota,1,RepDustyJohnson,Official
Diana Harshbarger,Republican,Tennessee,1,DHarshbargerTN1,Campaign
Tim Burchett,Republican,Tennessee,2,timburchett,Campaign
Chuck Fleischmann,Republican,Tennessee,3,chuck4congress,Campaign
Scott DesJarlais,Republican,Tennessee,4,tndesjarlais,Campaign
Jim Cooper,Democratic,Tennessee,5,CoopForCongress,Campaign
John W. Rose,Republican,Tennessee,6,Missing,Missing
Mark E. Green,Republican,Tennessee,7,Missing,Missing
David Kustoff,Republican,Tennessee,8,DavidKustoff,Campaign
Steve Cohen,Democratic,Tennessee,9,ReElectCohen,Campaign
Louie Gohmert,Republican,Texas,1,replouiegohmert,Official
Dan Crenshaw,Republican,Texas,2,Missing,Missing
Van Taylor,Republican,Texas,3,VanTaylorTX,Campaign
Pat Fallon,Republican,Texas,4,FallonForTexas,Campaign
Lance Gooden,Republican,Texas,5,Lancegooden,Campaign
Ron Wright,Republican,Texas,6,ron4congress,Campaign
Lizzie Fletcher,Democratic,Texas,7,lizzie4congress,Campaign
Kevin Brady,Republican,Texas,8,bradyfortexas,Campaign
Al Green,Democratic,Texas,9,RepAlGreenTX,Campaign
Michael McCaul,Republican,Texas,10,McCaulforTexas,Campaign
August Pfluger,Republican,Texas,11,AugustPfluger,Campaign
Kay Granger,Republican,Texas,12,GrangerCampaign,Campaign
Ronny Jackson,Republican,Texas,13,RonnyJacksonTX,Campaign
Randy Weber,Republican,Texas,14,TXRandy14,Official
Vicente Gonzalez,Democratic,Texas,15,RepGonzalez,Official
Veronica Escobar,Democratic,Texas,16,vgescobar,Campaign
Pete Sessions,Republican,Texas,17,SessionsTX17,Campaign
Sheila Jackson Lee,Democratic,Texas,18,JacksonLeeTX18,Official
Jodey Arrington,Republican,Texas,19,JodeyArrington,Campaign
Joaquin Castro,Democratic,Texas,20,Castro4Congress,Campaign
Chip Roy,Republican,Texas,21,chiproytx,Campaign
Troy Nehls,Republican,Texas,22,SheriffTNehls,Campaign
Tony Gonzales,Republican,Texas,23,TonyGonzales4TX,Campaign
Beth Van Duyne,Republican,Texas,24,RepBethVanDuyne,Official
Roger Williams,Republican,Texas,25,RogerWilliamsTX,Campaign
Michael C. Burgess,Republican,Texas,26,michaelcburgess,Official
Michael Cloud,Republican,Texas,27,MichaelJCloud,Campaign
Henry Cuellar,Democratic,Texas,28,CuellarCampaign,Campaign
Sylvia Garcia,Democratic,Texas,29,RepSylviaGarcia,Official
Eddie Bernice Johnson,Democratic,Texas,30,RepEBJ,Official
John Carter,Republican,Texas,31,JudgeJohnCarter,Campaign
Colin Allred,Democratic,Texas,32,ColinAllredTX,Campaign
Marc Veasey,Democratic,Texas,33,MarcVeasey,Campaign
Filemon Vela Jr.,Democratic,Texas,34,Missing,Missing
Lloyd Doggett,Democratic,Texas,35,LloydDoggettTX,Campaign
Brian Babin,Republican,Texas,36,babin4congress,Campaign
Blake Moore,Republican,Utah,1,RepBlakeMoore,Official
Chris Stewart,Republican,Utah,2,StewartforUtah,Campaign
John Curtis,Republican,Utah,3,RepJohnCurtis,Official
Burgess Owens,Republican,Utah,4,RepBurgessOwens,Official
Peter Welch,Democratic,Vermont,1,WelchForVT,Campaign
Rob Wittman,Republican,Virginia,1,RobWittman,Official
Elaine Luria,Democratic,Virginia,2,RepElaineLuria,Official
Bobby Scott,Democratic,Virginia,3,bobbyscott4va3,Campaign
Donald McEachin,Democratic,Virginia,4,RepMcEachin,Official
Bob Good,Republican,Virginia,5,GoodForCongress,Campaign
Ben Cline,Republican,Virginia,6,Cline4Virginia,Campaign
Abigail Spanberger,Democratic,Virginia,7,RepSpanberger,Official
Don Beyer,Democratic,Virginia,8,RepDonBeyer,Official
Morgan Griffith,Republican,Virginia,9,RepMGriffith,Official
Jennifer Wexton,Democratic,Virginia,10,JenniferWexton,Campaign
Gerry Connolly,Democratic,Virginia,11,GerryConnolly,Official
Suzan DelBene,Democratic,Washington,1,SuzanDelBene,Campaign
Rick Larsen,Democratic,Washington,2,larsenrick,Campaign
Jaime Herrera Beutler,Republican,Washington,3,JaimeForUSRep,Campaign
Dan Newhouse,Republican,Washington,4,Newhouse4Rep,Campaign
Cathy McMorris Rodgers,Republican,Washington,5,teamcmr,Campaign
Derek Kilmer,Democratic,Washington,6,DerekKilmer,Campaign
Pramila Jayapal,Democratic,Washington,7,PramilaJayapal,Campaign
Kim Schrier,Democratic,Washington,8,DrKimSchrier,Campaign
Adam Smith,Democratic,Washington,9,electadamsmith,Campaign
Marilyn Strickland,Democratic,Washington,10,StricklandforWA,Campaign
David McKinley,Republican,West Virginia,1,McKinleyforWV,Campaign
Alex Mooney,Republican,West Virginia,2,MooneyforWV,Campaign
Carol Miller,Republican,West Virginia,3,CarolMillerWV,Campaign
Bryan Steil,Republican,Wisconsin,1,BryanSteil,Campaign
Mark Pocan,Democratic,Wisconsin,2,MarkPocan,Campaign
Ron Kind,Democratic,Wisconsin,3,KindforCongress,Campaign
Gwen Moore,Democratic,Wisconsin,4,Gwen4Congress,Campaign
Scott L. Fitzgerald,Republican,Wisconsin,5,Missing,Missing
Glenn Grothman,Republican,Wisconsin,6,GrothmanforWI,Campaign
Tom Tiffany,Republican,Wisconsin,7,TomTiffanyWI,Campaign
Mike Gallagher,Republican,Wisconsin,8,MikeforWI,Campaign
Liz Cheney,Republican,Wyoming,1,Liz_Cheney,Campaign
Amata Coleman Radewagen,Republican,American Samoa,1,repamata,Official
Eleanor Holmes Norton,Democratic,District of Columbia,1,EleanorNorton,Official
Michael San Nicolas,Democratic,Guam,1,Missing,Missing
Gregorio Kilili Sablan,Independent,Northern Mariana Islands,1,Missing,Missing
Jenniffer González,Republican,Puerto Rico,1,Jenniffer2012,Personal
Stacey Plaskett,Democratic,United States Virgin Islands,1,StaceyPlaskett,Official
