Kweisi Mfume,Democratic,Special elections,0,Campaign,Mfume4Congress,Personal,None,Official,RepKweisiMfume
Kimberly Klacik,Republican,Special elections,0,Campaign,kimKBaltimore,Personal,None,Official,None
Mike Garcia,Republican,Special elections,0,Campaign,None,Personal,None,Official,RepMikeGarcia
Christy Smith,Democratic,Special elections,0,Campaign,christysmithca,Personal,None,Official,None
Tom Tiffany,Republican,Special elections,0,Campaign,TomTiffanyWI,Personal,None,Official,RepTiffany
Tricia Zunker,Democratic,Special elections,0,Campaign,TriciaforWI,Personal,None,Official,None
Chris Jacobs,Republican,Special elections,0,Missing,Missing,Missing,Missing,Missing,Missing
Nate McMurray,Democratic,Special elections,0,Campaign,Nate_McMurray,Personal,None,Official,None
Kwanza Hall,Democratic,Special elections,0,Campaign,None,Personal,None,Official,None
Robert Michael Franklin Jr.,Democratic,Special elections,0,Missing,Missing,Missing,Missing,Missing,Missing
Jerry Carl,Republican,Alabama,1,Campaign,None,Personal,None,Official,RepJerryCarl
James Averhart,Democratic,Alabama,1,Campaign,JAverhart2020,Personal,None,Official,None
Barry Moore,Republican,Alabama,2,Campaign,None,Personal,None,Official,RepBarryMoore
Phyllis Harvey-Hall,Democratic,Alabama,2,Campaign,PhyllisDHHall,Personal,None,Official,None
Mike Rogers,Republican,Alabama,3,Campaign,None,Personal,None,Official,RepMikeRogersAL
Adia Winfrey,Democratic,Alabama,3,Campaign,drdia,Personal,None,Official,None
Robert Aderholt,Republican,Alabama,4,Campaign,None,Personal,None,Official,Robert_Aderholt
Rick Neighbors,Democratic,Alabama,4,Campaign,VoteNeighbors,Personal,None,Official,None
Mo Brooks,Republican,Alabama,5,Campaign,MoBrooks,Personal,None,Official,RepMoBrooks
Gary Palmer,Republican,Alabama,6,Campaign,None,Personal,None,Official,USRepGaryPalmer
Terri Sewell,Democratic,Alabama,7,Campaign,None,Personal,None,Official,RepTerriSewell
Don Young,Republican,Alaska,1,Campaign,None,Personal,None,Official,None
Alyse Galvin,Independent,Alaska,1,Campaign,AlyseGalvin,Personal,None,Official,None
Tom O'Halleran,Democratic,Arizona,1,Campaign,None,Personal,None,Official,repohalleran
Tiffany Shedd,Republican,Arizona,1,Campaign,Tiffany_Shedd,Personal,None,Official,None
Ann Kirkpatrick,Democratic,Arizona,2,Campaign,Ann_Kirkpatrick,Personal,None,Official,RepKirkpatrick
Brandon Martin,Republican,Arizona,2,Campaign,PathForFreedom,Personal,None,Official,None
Raúl Grijalva,Democratic,Arizona,3,Missing,Missing,Missing,Missing,Missing,Missing
Daniel Wood,Republican,Arizona,3,Campaign,DWood4Congress,Personal,None,Official,None
Paul Gosar,Republican,Arizona,4,Campaign,None,Personal,DrPaulGosar,Official,RepGosar
Delina DiSanto,Democratic,Arizona,4,Campaign,delina4az,Personal,None,Official,None
Andy Biggs,Republican,Arizona,5,Campaign,andybiggs4az,Personal,None,Official,RepAndyBiggsAZ
Joan Greene,Democratic,Arizona,5,Campaign,joangreeneaz,Personal,None,Official,None
David Schweikert,Republican,Arizona,6,Campaign,None,Personal,None,Official,RepDavid
Hiral Tipirneni,Democratic,Arizona,6,Campaign,hiral4congress,Personal,None,Official,None
Ruben Gallego,Democratic,Arizona,7,Campaign,None,Personal,None,Official,RepRubenGallego
Joshua Barnett,Republican,Arizona,7,Missing,Missing,Missing,Missing,Missing,Missing
Debbie Lesko,Republican,Arizona,8,Campaign,DebbieLesko,Personal,None,Official,RepDLesko
Michael Muscato,Democratic,Arizona,8,Campaign,michael_muscato,Personal,None,Official,None
Greg Stanton,Democratic,Arizona,9,Campaign,gregstantonaz,Personal,None,Official,repgregstanton
Dave Giles,Republican,Arizona,9,Campaign,VoteGiles,Personal,None,Official,None
Rick Crawford,Republican,Arkansas,1,Campaign,None,Personal,None,Official,RepRickCrawford
French Hill,Republican,Arkansas,2,Campaign,None,Personal,None,Official,RepFrenchHill
Joyce Elliott,Democratic,Arkansas,2,Campaign,xjelliott,Personal,xjelliott,Official,None
Steve Womack,Republican,Arkansas,3,Campaign,None,Personal,None,Official,rep_stevewomack
Celeste Williams,Democratic,Arkansas,3,Campaign,CelesteforAR,Personal,None,Official,None
Michael Kalagias,Libertarian,Arkansas,3,Campaign,None,Personal,None,Official,None
Bruce Westerman,Republican,Arkansas,4,Campaign,None,Personal,bruce_westerman,Official,RepWesterman
William Hanson,Democratic,Arkansas,4,Campaign,WilliamHansonAR,Personal,None,Official,None
Frank Gilbert,Libertarian,Arkansas,4,Campaign,None,Personal,None,Official,None
Doug LaMalfa,Republican,California,1,Campaign,DougLaMalfa,Personal,None,Official,RepLaMalfa
Audrey Denney,Democratic,California,1,Campaign,audrey4congress,Personal,None,Official,None
Jared Huffman,Democratic,California,2,Campaign,JaredHuffman,Personal,None,Official,RepHuffman
Dale Mensing,Republican,California,2,Campaign,None,Personal,MensingDale,Official,None
John Garamendi,Democratic,California,3,Campaign,JohnGaramendi,Personal,None,Official,RepGaramendi
Tamika Hamilton,Republican,California,3,Campaign,TamikaGHamilton,Personal,None,Official,None
Tom McClintock,Republican,California,4,Campaign,None,Personal,None,Official,RepMcClintock
Brynne Kennedy,Democratic,California,4,Campaign,BrynneSpeak,Personal,KennedyBrynne,Official,None
Mike Thompson,Democratic,California,5,Campaign,Mike_CA05,Personal,None,Official,RepThompson
Scott Giblin,Republican,California,5,Campaign,None,Personal,None,Official,None
Doris Matsui,Democratic,California,6,Campaign,Matsui4Congress,Personal,None,Official,DorisMatsui
Chris Bish,Republican,California,6,Campaign,BishForCongress,Personal,ChrisBishRE,Official,None
Ami Bera,Democratic,California,7,Campaign,None,Personal,None,Official,RepBera
Buzz Patterson,Republican,California,7,Campaign,BuzzPatterson,Personal,None,Official,None
Jay Obernolte,Republican,California,8,Campaign,TeamObernolte,Personal,None,Official,JayObernolte
Christine Bubser,Democratic,California,8,Missing,Missing,Missing,Missing,Missing,Missing
Jerry McNerney,Democratic,California,9,Campaign,jerrymcnerney,Personal,None,Official,RepMcNerney
Tony Amador,Republican,California,9,Campaign,None,Personal,None,Official,None
Josh Harder,Democratic,California,10,Campaign,JoshHarder,Personal,None,Official,RepJoshHarder
Ted Howze,Republican,California,10,Campaign,Ted_Howze,Personal,None,Official,None
Mark DeSaulnier,Democratic,California,11,Campaign,MarkDeSaulnier,Personal,None,Official,RepDeSaulnier
Nisha Sharma,Republican,California,11,Campaign,UsaNisha,Personal,None,Official,None
Nancy Pelosi,Democratic,California,12,Campaign,None,Personal,None,Official,SpeakerPelosi
Shahid Buttar,Democratic,California,12,Campaign,None,Personal,Sheeyahshee,Official,None
Barbara Lee,Democratic,California,13,Campaign,BLeeForCongress,Personal,None,Official,RepBarbaraLee
Nikka Piterman,Republican,California,13,Campaign,NikkaGOP,Personal,None,Official,None
Jackie Speier,Democratic,California,14,Campaign,JackieSpeier,Personal,None,Official,RepSpeier
Ran Petel,Republican,California,14,Campaign,petel4congress,Personal,None,Official,None
Eric Swalwell,Democratic,California,15,Campaign,ericswalwell,Personal,ericswalwell,Official,RepSwalwell
Alison Hayden,Republican,California,15,Campaign,Alison4Congress,Personal,Elled26,Official,None
Jim Costa,Democratic,California,16,Campaign,None,Personal,None,Official,RepJimCosta
Kevin Cookingham,Republican,California,16,Campaign,KevCookingham,Personal,None,Official,None
Ro Khanna,Democratic,California,17,Campaign,RoKhanna,Personal,None,Official,RepRoKhanna
Ritesh Tandon,Republican,California,17,Campaign,tandon4congress,Personal,None,Official,None
Anna Eshoo,Democratic,California,18,Campaign,None,Personal,None,Official,RepAnnaEshoo
Rishi Kumar,Democratic,California,18,Campaign,rishikumar1,Personal,None,Official,None
Zoe Lofgren,Democratic,California,19,Campaign,ZoeLofgren,Personal,None,Official,RepZoeLofgren
Justin Aguilera,Republican,California,19,Campaign,JoinJustin19,Personal,None,Official,None
Jimmy Panetta,Democratic,California,20,Campaign,None,Personal,None,Official,RepJimmyPanetta
Jeff Gorman,Republican,California,20,Campaign,JeffGormanMRY,Personal,GormanCongress,Official,None
David Valadao,Republican,California,21,Campaign,None,Personal,None,Official,RepDavidValadao
TJ Cox,Democratic,California,21,Campaign,TJCoxCongress,Personal,None,Official,RepTjCox
Devin Nunes,Republican,California,22,Campaign,Team_Nunes,Personal,DevinNunes,Official,None
Phil Arballo,Democratic,California,22,Campaign,philarballo,Personal,None,Official,None
Kevin McCarthy,Republican,California,23,Campaign,kevinomccarthy,Personal,None,Official,GOPLeader
Kim Mangone,Democratic,California,23,Campaign,kimmangone,Personal,None,Official,None
Salud Carbajal,Democratic,California,24,Campaign,None,Personal,None,Official,RepCarbajal
Andy Caldwell,Republican,California,24,Campaign,Caldwell_CA24,Personal,None,Official,None
Mike Garcia,Republican,California,25,Campaign,None,Personal,None,Official,RepMikeGarcia
Christy Smith,Democratic,California,25,Campaign,christysmithca,Personal,None,Official,None
Julia Brownley,Democratic,California,26,Campaign,JuliaBrownley,Personal,None,Official,RepBrownley
Ronda Kennedy,Republican,California,26,Missing,Missing,Missing,Missing,Missing,Missing
Judy Chu,Democratic,California,27,Campaign,JudyChuCampaign,Personal,None,Official,RepJudyChu
Johnny Nalbandian,Republican,California,27,Campaign,Johnny_Congress,Personal,None,Official,None
Adam Schiff,Democratic,California,28,Campaign,AdamSchiff,Personal,None,Official,RepAdamSchiff
Eric Early,Republican,California,28,Campaign,EricEarly_CA,Personal,None,Official,None
Tony Cárdenas,Democratic,California,29,Campaign,None,Personal,Tcardenas,Official,RepCardenas
Angélica Dueñas,Democratic,California,29,Missing,Missing,Missing,Missing,Missing,Missing
Brad Sherman,Democratic,California,30,Campaign,None,Personal,None,Official,BradSherman
Mark Reed,Republican,California,30,Campaign,MarkReed1776,Personal,None,Official,None
Pete Aguilar,Democratic,California,31,Campaign,AguilarCampaign,Personal,aguilarpete,Official,RepPeteAguilar
Agnes Gibboney,Republican,California,31,Campaign,agnes_gibboney,Personal,None,Official,None
Grace F. Napolitano,Democratic,California,32,Missing,Missing,Missing,Missing,Missing,Missing
Joshua Scott,Republican,California,32,Campaign,joshuascottca32,Personal,None,Official,None
Ted W. Lieu,Democratic,California,33,Missing,Missing,Missing,Missing,Missing,Missing
James Bradley,Republican,California,33,Campaign,None,Personal,None,Official,None
Jimmy Gomez,Democratic,California,34,Campaign,JimmyGomezCA,Personal,None,Official,RepJimmyGomez
David Kim,Democratic,California,34,Campaign,None,Personal,None,Official,None
Norma J. Torres,Democratic,California,35,Missing,Missing,Missing,Missing,Missing,Missing
Mike Cargile,Republican,California,35,Campaign,CargileFor,Personal,None,Official,None
Raul Ruiz,Democratic,California,36,Campaign,None,Personal,None,Official,RepRaulRuizMD
Erin Cruz,Republican,California,36,Campaign,RealErinCruz,Personal,None,Official,None
Karen Bass,Democratic,California,37,Campaign,KarenBassTweets,Personal,None,Official,RepKarenBass
Errol Webber,Republican,California,37,Campaign,None,Personal,None,Official,None
Linda T. Sánchez,Democratic,California,38,Campaign,LindaTSanchez,Personal,None,Official,RepLindaSanchez
Michael Tolar,Democratic,California,38,Campaign,MichaelTolar6,Personal,None,Official,None
Young Kim,Republican,California,39,Campaign,None,Personal,None,Official,RepYoungKim
Gil Cisneros,Democratic,California,39,Campaign,GilCisnerosCA,Personal,None,Official,RepGilCisneros
Lucille Roybal-Allard,Democratic,California,40,Campaign,None,Personal,None,Official,RepRoybalAllard
Antonio Delgado,Republican,California,40,Campaign,cAntonioDelgado,Personal,None,Official,None
Mark Takano,Democratic,California,41,Campaign,MarkTakano,Personal,None,Official,RepMarkTakano
Aja Smith,Republican,California,41,Campaign,AjaforCongress,Personal,None,Official,None
Ken Calvert,Republican,California,42,Campaign,TeamCalvert,Personal,None,Official,KenCalvert
Liam O'Mara,Democratic,California,42,Missing,Missing,Missing,Missing,Missing,Missing
Maxine Waters,Democratic,California,43,Campaign,None,Personal,None,Official,RepMaxineWaters
Joe Collins,Republican,California,43,Campaign,joeecollins3,Personal,None,Official,None
Nanette Barragán,Democratic,California,44,Campaign,Nanette4CA,Personal,None,Official,RepBarragan
Analilia Joya,Democratic,California,44,Campaign,None,Personal,None,Official,None
Katie Porter,Democratic,California,45,Campaign,None,Personal,None,Official,RepKatiePorter
Greg Raths,Republican,California,45,Campaign,None,Personal,GregRaths,Official,None
Lou Correa,Democratic,California,46,Campaign,None,Personal,None,Official,RepLouCorrea
James Waters,Republican,California,46,Campaign,watersfor,Personal,None,Official,None
Alan Lowenthal,Democratic,California,47,Campaign,alanlowenthal,Personal,None,Official,RepLowenthal
John Briscoe,Republican,California,47,Campaign,johnfbriscoe,Personal,johnfbriscoe,Official,None
Michelle Steel,Republican,California,48,Campaign,None,Personal,None,Official,RepSteel
Harley Rouda,Democratic,California,48,Campaign,HarleyRouda,Personal,None,Official,RepHarley
Mike Levin,Democratic,California,49,Campaign,MikeLevin,Personal,None,Official,RepMikeLevin
Brian Maryott,Republican,California,49,Campaign,brianlmaryott,Personal,None,Official,None
Darrell Issa,Republican,California,50,Campaign,TeamIssa,Personal,DarrellIssa,Official,repdarrellissa
Ammar Campa-Najjar,Democratic,California,50,Campaign,ACampaNajjar,Personal,None,Official,None
Juan Vargas,Democratic,California,51,Campaign,None,Personal,None,Official,RepJuanVargas
Juan Hidalgo,Republican,California,51,Campaign,HidalgoCongress,Personal,None,Official,None
Scott Peters,Democratic,California,52,Campaign,ScottPetersSD,Personal,None,Official,RepScottPeters
Jim DeBello,Republican,California,52,Campaign,DeBelloCongress,Personal,None,Official,None
Sara Jacobs,Democratic,California,53,Campaign,SaraJacobsCA,Personal,None,Official,RepSaraJacobs
Georgette Gómez,Democratic,California,53,Campaign,GomezForAD80,Personal,None,Official,None
Diana DeGette,Democratic,Colorado,1,Campaign,DeGette5280,Personal,None,Official,RepDianaDeGette
Shane Bolling,Republican,Colorado,1,Campaign,Shane4Co,Personal,BollingShane,Official,None
Jan Kok,Approval Voting,Colorado,1,Campaign,None,Personal,None,Official,None
Paul N. Fiorino,Unity,Colorado,1,Missing,Missing,Missing,Missing,Missing,Missing
Kyle Furey,Libertarian,Colorado,1,Campaign,None,Personal,kylefurey,Official,None
Joe Neguse,Democratic,Colorado,2,Campaign,JoeNeguse,Personal,None,Official,RepJoeNeguse
Charlie Winn,Republican,Colorado,2,Missing,Missing,Missing,Missing,Missing,Missing
Thom Atkinson,Libertarian,Colorado,2,Campaign,None,Personal,None,Official,None
Gary Swing,Unity,Colorado,2,Campaign,None,Personal,swinggary,Official,None
Lauren Boebert,Republican,Colorado,3,Campaign,None,Personal,None,Official,RepBoebert
Diane Mitsch Bush,Democratic,Colorado,3,Campaign,RepDMB,Personal,None,Official,None
John Ryan Keil,Libertarian,Colorado,3,Missing,Missing,Missing,Missing,Missing,Missing
Critter Milton,Unity,Colorado,3,Campaign,CritterMilton,Personal,None,Official,None
Ken Buck,Republican,Colorado,4,Campaign,BuckForColorado,Personal,None,Official,RepKenBuck
Ike McCorkle,Democratic,Colorado,4,Missing,Missing,Missing,Missing,Missing,Missing
Bruce Griffith,Libertarian,Colorado,4,Campaign,None,Personal,None,Official,None
Laura Ireland,Unity,Colorado,4,Campaign,None,Personal,None,Official,None
Doug Lamborn,Republican,Colorado,5,Campaign,None,Personal,None,Official,RepDLamborn
Jillian Freeland,Democratic,Colorado,5,Campaign,FreelandCO5,Personal,None,Official,None
Ed Duffett,Libertarian,Colorado,5,Campaign,None,Personal,eduffett,Official,None
Marcus Murphy,Independent,Colorado,5,Campaign,None,Personal,None,Official,None
Rebecca Keltie,Unity,Colorado,5,Campaign,Keltie4Congress,Personal,None,Official,None
Jason Crow,Democratic,Colorado,6,Campaign,None,Personal,None,Official,repjasoncrow
Steve House,Republican,Colorado,6,Campaign,House4CO,Personal,None,Official,None
Norm Olsen,Libertarian,Colorado,6,Campaign,None,Personal,None,Official,None
Jaimie Kulikowski,Unity,Colorado,6,Campaign,JaimieKulikows1,Personal,None,Official,None
Ed Perlmutter,Democratic,Colorado,7,Campaign,Ed4Colorado,Personal,None,Official,repperlmutter
Casper Stockham,Republican,Colorado,7,Campaign,Casper4Colorado,Personal,None,Official,None
Ken Biles,Libertarian,Colorado,7,Campaign,Ken4Colorado,Personal,None,Official,None
David Olszta,Unity,Colorado,7,Campaign,None,Personal,None,Official,None
John B. Larson,Democratic,Connecticut,1,Campaign,None,Personal,None,Official,RepJohnLarson
Mary Fay,Republican,Connecticut,1,Campaign,maryfayct,Personal,None,Official,None
Thomas McCormick,Green,Connecticut,1,Missing,Missing,Missing,Missing,Missing,Missing
Joe Courtney,Democratic,Connecticut,2,Campaign,joecourtneyct,Personal,None,Official,repjoecourtney
Justin Anderson,Republican,Connecticut,2,Campaign,None,Personal,None,Official,None
Cassandra Martineau,Green,Connecticut,2,Campaign,CassCongress,Personal,None,Official,None
Daniel Reale,Libertarian,Connecticut,2,Campaign,None,Personal,None,Official,None
Rosa DeLauro,Democratic,Connecticut,3,Campaign,Rosa_DeLauro,Personal,None,Official,rosadelauro
Margaret Streicker,Republican,Connecticut,3,Campaign,ForStreicker,Personal,None,Official,None
Justin Paglino,Green,Connecticut,3,Campaign,justin4all2,Personal,None,Official,None
Jim Himes,Democratic,Connecticut,4,Campaign,jahimes,Personal,None,Official,None
Jonathan Riddle,Republican,Connecticut,4,Campaign,riddlecongress,Personal,None,Official,None
Brian Merlen,Independent,Connecticut,4,Campaign,None,Personal,None,Official,None
Jahana Hayes,Democratic,Connecticut,5,Campaign,JahanaHayesCT,Personal,JahanaHayes,Official,RepJahanaHayes
David Sullivan,Republican,Connecticut,5,Campaign,None,Personal,None,Official,None
Bruce Walczak,Independent,Connecticut,5,Campaign,None,Personal,None,Official,None
Lisa Blunt Rochester,Democratic,Delaware,1,Campaign,LisaBRochester,Personal,None,Official,RepLBR
Lee Murphy,Republican,Delaware,1,Campaign,goMurph2020,Personal,None,Official,None
Catherine Purcell,Independent,Delaware,1,Campaign,Catheri45538542,Personal,None,Official,None
David Rogers,Libertarian,Delaware,1,Campaign,None,Personal,None,Official,None
Matt Gaetz,Republican,Florida,1,Campaign,mattgaetz,Personal,None,Official,RepMattGaetz
Phil Ehr,Democratic,Florida,1,Campaign,PhilEhr,Personal,None,Official,None
Albert Oram,Independent,Florida,1,Campaign,RealMaverickUSA,Personal,None,Official,None
Neal Dunn,Republican,Florida,2,Campaign,DunnCampaign,Personal,None,Official,DrNealDunnFL2
Kim O'Connor,write-in,Florida,2,Campaign,None,Personal,None,Official,None
Kat Cammack,Republican,Florida,3,Campaign,None,Personal,KatCammack,Official,RepKatCammack
Adam Christensen,Democratic,Florida,3,Campaign,AC4Congress2020,Personal,None,Official,None
John Rutherford,Republican,Florida,4,Campaign,JRutherfordFL,Personal,None,Official,RepRutherfordFL
Donna Deegan,Democratic,Florida,4,Campaign,DonnaDeegan,Personal,None,Official,None
Al Lawson,Democratic,Florida,5,Campaign,AlLawsonJR,Personal,None,Official,RepAlLawsonJr
Gary Adler,Republican,Florida,5,Campaign,ElectAdler,Personal,None,Official,None
Michael Waltz,Republican,Florida,6,Campaign,michaelgwaltz,Personal,None,Official,None
Clint Curtis,Democratic,Florida,6,Campaign,Clint4congress,Personal,LawClintCurtis,Official,None
Stephanie Murphy,Democratic,Florida,7,Campaign,SMurphyCongress,Personal,None,Official,RepStephMurphy
Leo Valentín,Republican,Florida,7,Missing,Missing,Missing,Missing,Missing,Missing
William Garlington,Independent,Florida,7,Campaign,billgarlington,Personal,None,Official,None
Bill Posey,Republican,Florida,8,Campaign,PoseyCampaign,Personal,None,Official,congbillposey
Jim Kennedy,Democratic,Florida,8,Campaign,JK4Florida,Personal,None,Official,None
Darren Soto,Democratic,Florida,9,Campaign,DarrenSoto,Personal,None,Official,RepDarrenSoto
Bill Olson,Republican,Florida,9,Campaign,None,Personal,None,Official,None
Val Demings,Democratic,Florida,10,Campaign,valdemings,Personal,None,Official,RepValDemings
Vennia Francois,Republican,Florida,10,Campaign,Vennia4Congress,Personal,None,Official,None
Daniel Webster,Republican,Florida,11,Campaign,WebsterCongress,Personal,None,Official,RepWebster
Dana Cottrell,Democratic,Florida,11,Campaign,DanaforCongress,Personal,None,Official,None
Gus Bilirakis,Republican,Florida,12,Campaign,None,Personal,None,Official,RepGusBilirakis
Kimberly Walker,Democratic,Florida,12,Campaign,kw4congress,Personal,None,Official,None
Charlie Crist,Democratic,Florida,13,Campaign,CharlieCrist,Personal,None,Official,RepCharlieCrist
Anna Paulina Luna,Republican,Florida,13,Campaign,VoteAPL,Personal,realannapaulina,Official,None
Kathy Castor,Democratic,Florida,14,Campaign,KathyCastorFL,Personal,None,Official,USRepKCastor
Christine Quinn,Republican,Florida,14,Campaign,None,Personal,None,Official,None
Scott Franklin,Republican,Florida,15,Campaign,ScottFranklinFL,Personal,None,Official,RepFranklin
Alan Cohn,Democratic,Florida,15,Campaign,AlanMCohn,Personal,None,Official,None
Vern Buchanan,Republican,Florida,16,Campaign,None,Personal,None,Official,VernBuchanan
Margaret Good,Democratic,Florida,16,Campaign,GoodforFlorida,Personal,None,Official,None
Greg Steube,Republican,Florida,17,Campaign,None,Personal,None,Official,RepGregSteube
Allen Ellison,Democratic,Florida,17,Campaign,AllenLEllison,Personal,None,Official,None
Theodore Murray,Independent,Florida,17,Campaign,None,Personal,None,Official,None
Brian Mast,Republican,Florida,18,Campaign,BrianMastFL,Personal,None,Official,RepBrianMast
Pam Keith,Democratic,Florida,18,Campaign,PamKeithFL,Personal,None,Official,None
K. W. Miller,Independent,Florida,18,Missing,Missing,Missing,Missing,Missing,Missing
Byron Donalds,Republican,Florida,19,Campaign,ByronDonalds,Personal,None,Official,RepDonaldsPress
Cindy Banyai,Democratic,Florida,19,Campaign,Cindy_Banyai_FL,Personal,None,Official,None
Alcee Hastings,Democratic,Florida,20,Campaign,None,Personal,None,Official,None
Greg Musselwhite,Republican,Florida,20,Campaign,GregMusselwhit3,Personal,None,Official,None
Lois Frankel,Democratic,Florida,21,Campaign,LoisFrankel,Personal,None,Official,RepLoisFrankel
Laura Loomer,Republican,Florida,21,Campaign,None,Personal,None,Official,None
Charleston Malkemus,Independent,Florida,21,Campaign,votecharleston,Personal,None,Official,None
Ted Deutch,Democratic,Florida,22,Campaign,TedDeutch,Personal,None,Official,RepTedDeutch
Jim Pruden,Republican,Florida,22,Missing,Missing,Missing,Missing,Missing,Missing
Debbie Wasserman Schultz,Democratic,Florida,23,Campaign,DWStweets,Personal,None,Official,RepDWStweets
Carla Spalding,Republican,Florida,23,Campaign,None,Personal,None,Official,None
Frederica Wilson,Democratic,Florida,24,Campaign,FSWInTheHouse,Personal,None,Official,RepWilson
Lavern Spicer,Republican,Florida,24,Campaign,lavern_spicer,Personal,None,Official,None
Christine Olivo,Independent,Florida,24,Missing,Missing,Missing,Missing,Missing,Missing
Mario Díaz-Balart,Republican,Florida,25,Missing,Missing,Missing,Missing,Missing,Missing
Carlos A. Giménez,Republican,Florida,26,Missing,Missing,Missing,Missing,Missing,Missing
Debbie Mucarsel-Powell,Democratic,Florida,26,Campaign,DebbieforFL,Personal,None,Official,RepDMP
Maria Elvira Salazar,Republican,Florida,27,Campaign,MaElviraSalazar,Personal,None,Official,RepMariaSalazar
Donna Shalala,Democratic,Florida,27,Campaign,DonnaShalala,Personal,None,Official,RepShalala
Buddy Carter,Republican,Georgia,1,Campaign,None,Personal,None,Official,repBuddyCarter
Joyce Griggs,Democratic,Georgia,1,Campaign,JoyceGriggs2022,Personal,None,Official,None
Sanford Bishop,Democratic,Georgia,2,Campaign,None,Personal,None,Official,SanfordBishop
Don Cole,Republican,Georgia,2,Missing,Missing,Missing,Missing,Missing,Missing
Drew Ferguson,Republican,Georgia,3,Campaign,None,Personal,None,Official,RepDrewFerguson
Val Almonord,Democratic,Georgia,3,Campaign,valforcongress3,Personal,None,Official,None
Hank Johnson,Democratic,Georgia,4,Campaign,None,Personal,None,Official,RepHankJohnson
Johsie Cruz,Republican,Georgia,4,Campaign,JohsieC,Personal,None,Official,None
Nikema Williams,Democratic,Georgia,5,Campaign,None,Personal,None,Official,RepNikema
Angela Stanton-King,Republican,Georgia,5,Campaign,theangiestanton,Personal,None,Official,None
Lucy McBath,Democratic,Georgia,6,Campaign,lucymcbath,Personal,None,Official,RepLucyMcBath
Karen Handel,Republican,Georgia,6,Campaign,karenhandel,Personal,None,Official,None
Carolyn Bourdeaux,Democratic,Georgia,7,Campaign,Carolyn4GA7,Personal,None,Official,RepBourdeaux
Rich McCormick,Republican,Georgia,7,Campaign,RichforGA,Personal,None,Official,None
Austin Scott,Republican,Georgia,8,Campaign,None,Personal,None,Official,AustinScottGA08
Lindsay Holliday,Democratic,Georgia,8,Campaign,None,Personal,None,Official,None
Andrew Clyde,Republican,Georgia,9,Campaign,None,Personal,None,Official,Rep_Clyde
Devin Pandy,Democratic,Georgia,9,Campaign,None,Personal,None,Official,None
Jody Hice,Republican,Georgia,10,Campaign,JodyHice,Personal,None,Official,congressmanhice
Tabitha Johnson-Green,Democratic,Georgia,10,Campaign,None,Personal,None,Official,None
Barry Loudermilk,Republican,Georgia,11,Campaign,None,Personal,None,Official,reploudermilk
Dana Barrett,Democratic,Georgia,11,Campaign,TheDanaBarrett,Personal,None,Official,None
Rick W. Allen,Republican,Georgia,12,Campaign,None,Personal,None,Official,RepRickAllen
Liz Johnson,Democratic,Georgia,12,Campaign,lizjohnsonforus,Personal,None,Official,None
David Scott,Democratic,Georgia,13,Campaign,None,Personal,None,Official,repdavidscott
Becky Hites,Republican,Georgia,13,Campaign,Hites4Congress,Personal,None,Official,None
Marjorie Taylor Greene,Republican,Georgia,14,Campaign,None,Personal,None,Official,RepMTG
Kevin Van Ausdal,Democratic,Georgia,14,Campaign,KevinVanAusdal,Personal,None,Official,None
Ed Case,Democratic,Hawaii,1,Campaign,EdCaseHawaii,Personal,None,Official,RepEdCase
Ron Curtis,Republican,Hawaii,1,Campaign,rcurtis808,Personal,None,Official,None
Kai Kahele,Democratic,Hawaii,2,Campaign,kaikahele,Personal,None,Official,RepKahele
Joe Akana,Republican,Hawaii,2,Missing,Missing,Missing,Missing,Missing,Missing
Michelle Tippens,Libertarian,Hawaii,2,Missing,Missing,Missing,Missing,Missing,Missing
Jonathan Hoomanawanui,Aloha Aina,Hawaii,2,Missing,Missing,Missing,Missing,Missing,Missing
Ron Burrus,Independent,Hawaii,2,Campaign,None,Personal,None,Official,None
John Giuffre,American Shopping,Hawaii,2,Campaign,None,Personal,None,Official,None
Russ Fulcher,Republican,Idaho,1,Campaign,None,Personal,None,Official,RepRussFulcher
Rudy Soto,Democratic,Idaho,1,Campaign,Rudy4Congress,Personal,None,Official,None
Joe Evans,Libertarian,Idaho,1,Campaign,None,Personal,None,Official,None
Mike Simpson,Republican,Idaho,2,Campaign,None,Personal,None,Official,None
C. Aaron Swisher,Democratic,Idaho,2,Missing,Missing,Missing,Missing,Missing,Missing
Pro-Life,Constitution,Idaho,2,Campaign,None,Personal,None,Official,None
Idaho Sierra Law,Libertarian,Idaho,2,Missing,Missing,Missing,Missing,Missing,Missing
Bobby Rush,Democratic,Illinois,1,Campaign,bobbyrushfor1st,Personal,None,Official,repbobbyrush
Philanise White,Republican,Illinois,1,Campaign,None,Personal,None,Official,None
Robin Kelly,Democratic,Illinois,2,Campaign,None,Personal,None,Official,RepRobinKelly
Theresa Raborn,Republican,Illinois,2,Campaign,Raborn4Congress,Personal,None,Official,None
Marie Newman,Democratic,Illinois,3,Campaign,None,Personal,None,Official,RepMarieNewman
Mike Fricilone,Republican,Illinois,3,Campaign,FriciloneMike,Personal,None,Official,None
"Jesús ""Chuy"" García",Democratic,Illinois,4,Missing,Missing,Missing,Missing,Missing,Missing
Jesus Solorio,Republican,Illinois,4,Campaign,jesussoloriojr,Personal,None,Official,None
Mike Quigley,Democratic,Illinois,5,Campaign,None,Personal,None,Official,RepMikeQuigley
Tommy Hanson,Republican,Illinois,5,Campaign,None,Personal,None,Official,None
Thomas Wilda,Green,Illinois,5,Campaign,TomWilda2020,Personal,None,Official,None
Sean Casten,Democratic,Illinois,6,Campaign,None,Personal,SeanCasten,Official,RepCasten
Jeanne Ives,Republican,Illinois,6,Campaign,JeanneIves,Personal,None,Official,None
Bill Redpath,Libertarian,Illinois,6,Campaign,BillRedpath,Personal,None,Official,None
Danny K. Davis,Democratic,Illinois,7,Campaign,None,Personal,None,Official,RepDannyDavis
Craig Cameron,Republican,Illinois,7,Campaign,CraigCameron07,Personal,None,Official,None
Tracy Jennings,Independent,Illinois,7,Campaign,TracyJenningsIL,Personal,None,Official,None
Raja Krishnamoorthi,Democratic,Illinois,8,Campaign,None,Personal,None,Official,CongressmanRaja
Preston Nelson,Libertarian,Illinois,8,Campaign,Preston4Congres,Personal,None,Official,None
Jan Schakowsky,Democratic,Illinois,9,Campaign,None,Personal,None,Official,RepSchakowsky
Sargis Sangari,Republican,Illinois,9,Campaign,VoteSangari,Personal,None,Official,None
Brad Schneider,Democratic,Illinois,10,Campaign,None,Personal,None,Official,repschneider
Valerie Mukherjee,Republican,Illinois,10,Missing,Missing,Missing,Missing,Missing,Missing
Bill Foster,Democratic,Illinois,11,Campaign,None,Personal,None,Official,RepBillFoster
Rick Laib,Republican,Illinois,11,Campaign,RickLaibfor11,Personal,None,Official,None
Mike Bost,Republican,Illinois,12,Campaign,None,Personal,None,Official,RepBost
Raymond Lenzi,Democratic,Illinois,12,Missing,Missing,Missing,Missing,Missing,Missing
Rodney Davis,Republican,Illinois,13,Campaign,None,Personal,None,Official,RodneyDavis
Betsy Dirksen Londrigan,Democratic,Illinois,13,Missing,Missing,Missing,Missing,Missing,Missing
Lauren Underwood,Democratic,Illinois,14,Campaign,None,Personal,None,Official,RepUnderwood
Jim Oberweis,Republican,Illinois,14,Campaign,JimOberweis,Personal,None,Official,None
Mary Miller,Republican,Illinois,15,Campaign,None,Personal,None,Official,RepMaryMiller
Erika Weaver,Democratic,Illinois,15,Campaign,Weaver4Illinois,Personal,None,Official,None
Adam Kinzinger,Republican,Illinois,16,Campaign,None,Personal,None,Official,repkinzinger
Dani Brzozowski,Democratic,Illinois,16,Campaign,DaniForCongress,Personal,None,Official,None
Cheri Bustos,Democratic,Illinois,17,Campaign,cheribustos,Personal,None,Official,RepCheri
Esther Joy King,Republican,Illinois,17,Campaign,esther4congress,Personal,estherjoyking,Official,None
Darin LaHood,Republican,Illinois,18,Campaign,None,Personal,None,Official,RepLaHood
George Petrilli,Democratic,Illinois,18,Campaign,GeorgePetrilli,Personal,None,Official,None
Frank J. Mrvan,Democratic,Indiana,1,Missing,Missing,Missing,Missing,Missing,Missing
Mark Leyva,Republican,Indiana,1,Campaign,None,Personal,None,Official,None
Michael Strauss,Libertarian,Indiana,1,Campaign,None,Personal,None,Official,None
Jackie Walorski,Republican,Indiana,2,Campaign,jackiewalorski,Personal,None,Official,RepWalorski
Pat Hackett,Democratic,Indiana,2,Campaign,HackettCongress,Personal,None,Official,None
Jim Banks,Republican,Indiana,3,Campaign,TeamJimBanks,Personal,Jim_Banks,Official,RepJimBanks
Chip Coldiron,Democratic,Indiana,3,Campaign,Chip4Congress,Personal,None,Official,None
Jim Baird,Republican,Indiana,4,Campaign,ElectJimBaird,Personal,None,Official,RepJimBaird
Joe Mackey,Democratic,Indiana,4,Campaign,joe4hoosiers,Personal,None,Official,None
Victoria Spartz,Republican,Indiana,5,Campaign,Victoria_Spartz,Personal,None,Official,RepSpartz
Christina Hale,Democratic,Indiana,5,Campaign,HaleIndy,Personal,None,Official,None
Kenneth Tucker,Libertarian,Indiana,5,Missing,Missing,Missing,Missing,Missing,Missing
Greg Pence,Republican,Indiana,6,Campaign,GregPenceIN,Personal,None,Official,RepGregPence
Jeannine Lee Lake,Democratic,Indiana,6,Campaign,lakeforcongress,Personal,None,Official,None
Tom Ferkinhoff,Libertarian,Indiana,6,Campaign,FerkieCPA,Personal,None,Official,None
André Carson,Democratic,Indiana,7,Campaign,Andre4Congress,Personal,None,Official,RepAndreCarson
Susan Marie Smith,Republican,Indiana,7,Campaign,susanfor7th,Personal,None,Official,None
Larry Bucshon,Republican,Indiana,8,Campaign,DrLarryBucshon,Personal,None,Official,RepLarryBucshon
E. Thomasina Marsili,Democratic,Indiana,8,Missing,Missing,Missing,Missing,Missing,Missing
James Rodenberger,Libertarian,Indiana,8,Campaign,jdrodenberger,Personal,None,Official,None
Trey Hollingsworth,Republican,Indiana,9,Campaign,VoteForTrey,Personal,None,Official,RepTrey
Andy Ruff,Democratic,Indiana,9,Campaign,AndyRuffIN9,Personal,None,Official,None
Tonya Millis,Libertarian,Indiana,9,Campaign,None,Personal,None,Official,None
Ashley Hinson,Republican,Iowa,1,Campaign,hinsonashley,Personal,None,Official,RepAshleyHinson
Abby Finkenauer,Democratic,Iowa,1,Campaign,Abby4Iowa,Personal,None,Official,repfinkenauer
Mariannette Miller-Meeks,Republican,Iowa,2,Campaign,None,Personal,None,Official,RepMMM
Rita Hart,Democratic,Iowa,2,Campaign,RitaHartIA,Personal,None,Official,None
Cindy Axne,Democratic,Iowa,3,Campaign,None,Personal,None,Official,RepCindyAxne
David Young,Republican,Iowa,3,Campaign,None,Personal,None,Official,None
Bryan Holder,Libertarian,Iowa,3,Campaign,None,Personal,None,Official,None
Randy Feenstra,Republican,Iowa,4,Campaign,None,Personal,None,Official,RepFeenstra
J. D. Scholten,Democratic,Iowa,4,Missing,Missing,Missing,Missing,Missing,Missing
Tracey Mann,Republican,Kansas,1,Campaign,TraceyMannKS,Personal,None,Official,RepMann
Kali Barnett,Democratic,Kansas,1,Campaign,KaliforKansas,Personal,None,Official,None
Jake LaTurner,Republican,Kansas,2,Missing,Missing,Missing,Missing,Missing,Missing
Michelle De La Isla,Democratic,Kansas,2,Campaign,Michelle4Kansas,Personal,Dasharyl,Official,None
Robert Garrard,Libertarian,Kansas,2,Campaign,None,Personal,None,Official,None
Sharice Davids,Democratic,Kansas,3,Campaign,ShariceDavids,Personal,None,Official,RepDavids
Amanda Adkins,Republican,Kansas,3,Campaign,amanda_adkins,Personal,None,Official,None
Steve Hohe,Libertarian,Kansas,3,Campaign,stevehoheks,Personal,None,Official,None
Ron Estes,Republican,Kansas,4,Campaign,None,Personal,None,Official,RepRonEstes
Laura Lombard,Democratic,Kansas,4,Campaign,LauraforKansas,Personal,None,Official,None
James Comer,Republican,Kentucky,1,Campaign,None,Personal,JamesComer,Official,RepJamesComer
James Rhodes,Democratic,Kentucky,1,Campaign,Rhodes4Congress,Personal,None,Official,None
Brett Guthrie,Republican,Kentucky,2,Campaign,brettguthrie,Personal,None,Official,RepGuthrie
Hank Linderman,Democratic,Kentucky,2,Campaign,hank4ky,Personal,None,Official,None
Robert Lee Perry,Libertarian,Kentucky,2,Campaign,Perry4Ky,Personal,None,Official,None
Lewis Carter,Populist,Kentucky,2,Campaign,None,Personal,None,Official,None
John Yarmuth,Democratic,Kentucky,3,Campaign,None,Personal,None,Official,RepJohnYarmuth
Rhonda Palazzo,Republican,Kentucky,3,Campaign,None,Personal,None,Official,None
Thomas Massie,Republican,Kentucky,4,Campaign,MassieforKY,Personal,None,Official,RepThomasMassie
Alexandra Owensby,Democratic,Kentucky,4,Campaign,AMOwensby,Personal,None,Official,None
Hal Rogers,Republican,Kentucky,5,Campaign,HalRogersKY5,Personal,None,Official,RepHalRogers
Matthew Best,Democratic,Kentucky,5,Missing,Missing,Missing,Missing,Missing,Missing
Andy Barr,Republican,Kentucky,6,Campaign,barrforcongress,Personal,None,Official,RepAndyBarr
Josh Hicks,Democratic,Kentucky,6,Campaign,joshhicksky,Personal,None,Official,None
Frank Harris,Libertarian,Kentucky,6,Campaign,None,Personal,None,Official,None
Steve Scalise,Republican,Louisiana,1,Campaign,SteveScaliseGOP,Personal,None,Official,SteveScalise
Lee Ann Dugas,Democratic,Louisiana,1,Campaign,LeeDugas2001,Personal,None,Official,None
Howard Kearney,Libertarian,Louisiana,1,Campaign,HowardKearney,Personal,None,Official,None
Cedric Richmond,Democratic,Louisiana,2,Campaign,CedricRichmond,Personal,None,Official,None
David Schilling,Republican,Louisiana,2,Campaign,None,Personal,None,Official,None
Glenn Harris,Democratic,Louisiana,2,Campaign,None,Personal,None,Official,None
Sheldon Vincent,Republican,Louisiana,2,Campaign,None,Personal,None,Official,None
Belden Batiste,Independent,Louisiana,2,Campaign,None,Personal,None,Official,None
Colby James,Independent,Louisiana,2,Campaign,colbyFor2ndDist,Personal,None,Official,None
Clay Higgins,Republican,Louisiana,3,Campaign,CaptClayHiggins,Personal,None,Official,RepClayHiggins
Braylon Harris,Democratic,Louisiana,3,Campaign,Harris4US2020,Personal,None,Official,None
Rob Anderson,Democratic,Louisiana,3,Campaign,RobAnderson2018,Personal,None,Official,None
Brandon Leleux,Libertarian,Louisiana,3,Campaign,brandon_leleux,Personal,None,Official,None
Mike Johnson,Republican,Louisiana,4,Campaign,MikeJohnson,Personal,None,Official,RepMikeJohnson
Kenny Houston,Democratic,Louisiana,4,Campaign,KennyHoustonCD4,Personal,None,Official,None
Ryan Trundle,Democratic,Louisiana,4,Campaign,ryantrundleCD4,Personal,None,Official,None
Ben Gibson,Republican,Louisiana,4,Campaign,None,Personal,None,Official,None
Luke Letlow}}{{Efn,Republican,Louisiana,5,Campaign,None,Personal,None,Official,None
Lance Harris,Republican,Louisiana,5,Campaign,RepLanceHarris,Personal,None,Official,None
Garret Graves,Republican,Louisiana,6,Campaign,garretgraves,Personal,None,Official,RepGarretGraves
Dartanyon Williams,Democratic,Louisiana,6,Campaign,daw4us,Personal,a_dartanyon,Official,None
Shannon Sloan,Libertarian,Louisiana,6,Campaign,ElectSloan,Personal,None,Official,None
Richard Torregano,Independent,Louisiana,6,Campaign,RichTorregano,Personal,None,Official,None
Chellie Pingree,Democratic,Maine,1,Campaign,None,Personal,None,Official,chelliepingree
Jay Allen,Republican,Maine,1,Campaign,AllenCongress,Personal,None,Official,None
Jared Golden,Democratic,Maine,2,Campaign,None,Personal,None,Official,RepGolden
Dale Crafts,Republican,Maine,2,Campaign,DaleCraftsME,Personal,None,Official,None
Andrew P. Harris,Republican,Maryland,1,Missing,Missing,Missing,Missing,Missing,Missing
Mia Mason,Democratic,Maryland,1,Campaign,Mia4MD,Personal,None,Official,None
Dutch Ruppersberger,Democratic,Maryland,2,Campaign,GoDutchForMD,Personal,None,Official,Call_Me_Dutch
Johnny Ray Salling,Republican,Maryland,2,Campaign,J_R_Salling,Personal,None,Official,SenJohnnyRay
John Sarbanes,Democratic,Maryland,3,Campaign,JohnSarbanes,Personal,None,Official,RepSarbanes
Charles Anthony,Republican,Maryland,3,Campaign,Charles4MD,Personal,None,Official,None
Anthony G. Brown,Democratic,Maryland,4,Campaign,None,Personal,None,Official,RepAnthonyBrown
George McDermott,Republican,Maryland,4,Campaign,GeorgeMcDermot3,Personal,None,Official,None
Steny Hoyer,Democratic,Maryland,5,Campaign,StenyHoyer,Personal,None,Official,LeaderHoyer
Chris Palombi,Republican,Maryland,5,Campaign,ChrisPalombi,Personal,None,Official,None
David Trone,Democratic,Maryland,6,Campaign,None,Personal,None,Official,repdavidtrone
Neil Parrott,Republican,Maryland,6,Campaign,neilparrott,Personal,None,Official,None
George Gluck,Green,Maryland,6,Campaign,Gluck4Congress,Personal,None,Official,None
Kweisi Mfume,Democratic,Maryland,7,Campaign,Mfume4Congress,Personal,None,Official,RepKweisiMfume
Kimberly Klacik,Republican,Maryland,7,Campaign,kimKBaltimore,Personal,None,Official,None
Jamie Raskin,Democratic,Maryland,8,Campaign,jamie_raskin,Personal,None,Official,repraskin
Gregory Coll,Republican,Maryland,8,Campaign,CollforCongress,Personal,None,Official,None
Richard Neal,Democratic,Massachusetts,1,Campaign,None,Personal,None,Official,RepRichardNeal
Jim McGovern,Democratic,Massachusetts,2,Campaign,McGovernMA,Personal,None,Official,RepMcGovern
Tracy Lovvorn,Republican,Massachusetts,2,Campaign,Tracy4Congress,Personal,None,Official,None
Lori Trahan,Democratic,Massachusetts,3,Campaign,LoriTrahanMA,Personal,None,Official,RepLoriTrahan
Jake Auchincloss,Democratic,Massachusetts,4,Campaign,JakeAuch,Personal,None,Official,RepAuchincloss
Julie Hall,Republican,Massachusetts,4,Campaign,Hall4CongressMA,Personal,None,Official,None
Katherine Clark,Democratic,Massachusetts,5,Campaign,KatherineClark,Personal,None,Official,RepKClark
Caroline Colarusso,Republican,Massachusetts,5,Campaign,CarolineforCon1,Personal,None,Official,None
Seth Moulton,Democratic,Massachusetts,6,Campaign,sethmoulton,Personal,None,Official,TeamMoulton
John Paul Moran,Republican,Massachusetts,6,Campaign,JohnPaul4Mass,Personal,None,Official,None
Ayanna Pressley,Democratic,Massachusetts,7,Campaign,None,Personal,None,Official,RepPressley
"Roy Owens, Sr.",Independent,Massachusetts,7,Missing,Missing,Missing,Missing,Missing,Missing
Stephen F. Lynch,Democratic,Massachusetts,8,Campaign,RepLynch,Personal,None,Official,RepStephenLynch
Jonathan Lott,Healthcare Environment Stability,Massachusetts,8,Missing,Missing,Missing,Missing,Missing,Missing
Bill Keating,Democratic,Massachusetts,9,Campaign,WilliamKeating,Personal,None,Official,USRepKeating
Helen Brady,Republican,Massachusetts,9,Campaign,HelenBradyMA9,Personal,None,Official,None
Michael Manley,Coach Team America,Massachusetts,9,Campaign,None,Personal,None,Official,None
Jack Bergman,Republican,Michigan,1,Campaign,JackBergman_MI1,Personal,None,Official,RepJackBergman
Dana Ferguson,Democratic,Michigan,1,Missing,Missing,Missing,Missing,Missing,Missing
Ben Boren,Libertarian,Michigan,1,Campaign,None,Personal,None,Official,None
Bill Huizenga,Republican,Michigan,2,Campaign,None,Personal,None,Official,RepHuizenga
Bryan Berghoef,Democratic,Michigan,2,Campaign,pubtheologian,Personal,None,Official,None
Max Riekse,Libertarian,Michigan,2,Campaign,None,Personal,None,Official,None
Jean-Michel Creviere,Green,Michigan,2,Campaign,2020Creviere,Personal,None,Official,None
Gerald Van Sickle,U.S. Taxpayers,Michigan,2,Missing,Missing,Missing,Missing,Missing,Missing
Peter Meijer,Republican,Michigan,3,Campaign,None,Personal,pjfm,Official,RepMeijer
Hillary Scholten,Democratic,Michigan,3,Campaign,None,Personal,None,Official,None
John Moolenaar,Republican,Michigan,4,Campaign,None,Personal,None,Official,RepMoolenaar
Jerry Hilliard,Democratic,Michigan,4,Campaign,HilliardForCong,Personal,None,Official,None
David Canny,Libertarian,Michigan,4,Campaign,DavidCanny4con,Personal,None,Official,None
Amy Slepr,Green,Michigan,4,Campaign,AmySlepr,Personal,None,Official,None
Dan Kildee,Democratic,Michigan,5,Campaign,None,Personal,None,Official,RepDanKildee
Tim Kelly,Republican,Michigan,5,Campaign,None,Personal,timothykelly,Official,None
Kathy Goodwin,Working Class,Michigan,5,Campaign,None,Personal,None,Official,None
James Harris,Libertarian,Michigan,5,Campaign,None,Personal,None,Official,None
Fred Upton,Republican,Michigan,6,Campaign,UptonForAllOfUs,Personal,None,Official,RepFredUpton
Jon Hoadley,Democratic,Michigan,6,Campaign,jonhoadley,Personal,None,Official,None
Jeff DePoy,Libertarian,Michigan,6,Campaign,Jeff_for_6th,Personal,None,Official,None
John Lawrence,Green,Michigan,6,Campaign,None,Personal,None,Official,None
Tim Walberg,Republican,Michigan,7,Campaign,None,Personal,None,Official,RepWalberg
Gretchen Driskell,Democratic,Michigan,7,Campaign,gdriskell,Personal,None,Official,None
Elissa Slotkin,Democratic,Michigan,8,Campaign,None,Personal,None,Official,RepSlotkin
Paul Junge,Republican,Michigan,8,Campaign,VotePaulJunge,Personal,None,Official,None
Joe Hartman,Libertarian,Michigan,8,Campaign,realJoeHartman,Personal,None,Official,None
Andy Levin,Democratic,Michigan,9,Campaign,None,Personal,None,Official,repandylevin
Charles Langworthy,Republican,Michigan,9,Campaign,LangworthyUS9th,Personal,None,Official,None
Andrea Kirby,Working Class,Michigan,9,Campaign,None,Personal,None,Official,None
Mike Saliba,Libertarian,Michigan,9,Campaign,None,Personal,None,Official,None
Lisa McClain,Republican,Michigan,10,Campaign,LisaForCongress,Personal,None,Official,RepLisaMcClain
Kimberly Bizon,Democratic,Michigan,10,Campaign,electbizon2020,Personal,None,Official,None
Haley Stevens,Democratic,Michigan,11,Campaign,None,Personal,None,Official,RepHaleyStevens
Eric Esshaki,Republican,Michigan,11,Campaign,EsshakiCongress,Personal,None,Official,None
Leonard Schwartz,Libertarian,Michigan,11,Campaign,None,Personal,None,Official,None
Debbie Dingell,Democratic,Michigan,12,Campaign,debdingell,Personal,None,Official,RepDebDingell
Jeff Jones,Republican,Michigan,12,Campaign,Vote_JeffJones,Personal,None,Official,None
Gary Walkowicz,Working Class,Michigan,12,Campaign,None,Personal,None,Official,None
Rashida Tlaib,Democratic,Michigan,13,Campaign,RashidaTlaib,Personal,None,Official,RepRashida
David Dudenhoefer,Republican,Michigan,13,Campaign,Dude4Liberty,Personal,None,Official,None
Sam Johnson,Working Class,Michigan,13,Campaign,None,Personal,None,Official,None
Articia Bomer,U.S. Taxpayers,Michigan,13,Campaign,None,Personal,ArticiaBomer,Official,None
D. Etta Wilcoxon,Green,Michigan,13,Campaign,None,Personal,None,Official,None
Brenda Lawrence,Democratic,Michigan,14,Campaign,BrendaLLawrence,Personal,None,Official,RepLawrence
Robert Patrick,Republican,Michigan,14,Campaign,None,Personal,None,Official,None
Lisa Lane Gioia,Libertarian,Michigan,14,Campaign,lisaforliberty,Personal,None,Official,None
Philip Kolody,Working Class,Michigan,14,Campaign,None,Personal,None,Official,None
Clyde Shabazz,Green,Michigan,14,Campaign,None,Personal,None,Official,None
Jim Hagedorn,Republican,Minnesota,1,Campaign,JimHagedornMN,Personal,None,Official,None
Dan Feehan,Democratic,Minnesota,1,Campaign,danielfeehan,Personal,None,Official,None
Bill Rood,Legalize Cannabis,Minnesota,1,Campaign,Antirepublocrat,Personal,None,Official,None
Angie Craig,Democratic,Minnesota,2,Campaign,None,Personal,None,Official,RepAngieCraig
Tyler Kistner,Republican,Minnesota,2,Campaign,KistnerCongress,Personal,tyler_kistner,Official,None
Adam Weeks,Legal Marijuana,Minnesota,2,Campaign,weeks2020,Personal,None,Official,None
Dean Phillips,Democratic,Minnesota,3,Campaign,deanbphillips,Personal,None,Official,RepDeanPhillips
Kendall Qualls,Republican,Minnesota,3,Campaign,None,Personal,None,Official,None
Betty McCollum,Democratic,Minnesota,4,Campaign,None,Personal,None,Official,BettyMcCollum04
Gene Rechtzigel,Republican,Minnesota,4,Campaign,None,Personal,None,Official,None
Susan Sindt,Legalize Cannabis,Minnesota,4,Missing,Missing,Missing,Missing,Missing,Missing
Ilhan Omar,Democratic,Minnesota,5,Campaign,IlhanMN,Personal,None,Official,Ilhan
Lacy Johnson,Republican,Minnesota,5,Campaign,LacyJohnsonMN,Personal,None,Official,None
Michael Moore,Legal Marijuana,Minnesota,5,Campaign,None,Personal,None,Official,None
Tom Emmer,Republican,Minnesota,6,Campaign,tomemmer,Personal,None,Official,RepTomEmmer
Tawnja Zahradka,Democratic,Minnesota,6,Campaign,Tawnja4Congress,Personal,None,Official,None
Michelle Fischbach,Republican,Minnesota,7,Campaign,FischbachMN7,Personal,None,Official,RepFischbach
Collin Peterson,Democratic,Minnesota,7,Campaign,collincpeterson,Personal,None,Official,None
Slater Johnson,Legal Marijuana,Minnesota,7,Campaign,None,Personal,None,Official,None
Rae Hart Anderson,Legalize Cannabis,Minnesota,7,Campaign,GodisHere2day4U,Personal,None,Official,None
Pete Stauber,Republican,Minnesota,8,Campaign,PeteStauber,Personal,None,Official,RepPeteStauber
Quinn Nystrom,Democratic,Minnesota,8,Campaign,QuinnNystrom,Personal,None,Official,None
Judith Schwartzbacker,Legalize Cannabis,Minnesota,8,Campaign,None,Personal,None,Official,None
Trent Kelly,Republican,Mississippi,1,Campaign,None,Personal,None,Official,reptrentkelly
Antonia Eliason,Democratic,Mississippi,1,Campaign,Antonia4MS1,Personal,AntoniaEliason,Official,None
Bennie Thompson,Democratic,Mississippi,2,Campaign,None,Personal,None,Official,BennieGThompson
Brian Flowers,Republican,Mississippi,2,Campaign,None,Personal,None,Official,None
Michael Guest,Republican,Mississippi,3,Campaign,None,Personal,None,Official,RepMichaelGuest
Dot Benford,Democratic,Mississippi,3,Missing,Missing,Missing,Missing,Missing,Missing
Steven Palazzo,Republican,Mississippi,4,Campaign,None,Personal,None,Official,CongPalazzo
Cori Bush,Democratic,Missouri,1,Campaign,None,Personal,None,Official,RepCori
Anthony Rogers,Republican,Missouri,1,Campaign,MrAnthonyRogers,Personal,None,Official,None
Alex Furman,Libertarian,Missouri,1,Campaign,alexforus,Personal,ElvisAndHisMom,Official,None
Ann Wagner,Republican,Missouri,2,Campaign,AnnLWagner,Personal,None,Official,RepAnnWagner
Jill Schupp,Democratic,Missouri,2,Campaign,JillSchupp,Personal,None,Official,SenJillSchupp
Martin Schulte,Libertarian,Missouri,2,Campaign,mvschulte,Personal,None,Official,None
Blaine Luetkemeyer,Republican,Missouri,3,Campaign,luetkemeyerb,Personal,None,Official,RepBlaine
Megan Rezabek,Democratic,Missouri,3,Campaign,None,Personal,None,Official,None
Leonard J. Steinman II,Libertarian,Missouri,3,Missing,Missing,Missing,Missing,Missing,Missing
Vicky Hartzler,Republican,Missouri,4,Campaign,VickyHartzlerMO,Personal,None,Official,rephartzler
Lindsey Simmons,Democratic,Missouri,4,Campaign,LynzforCongress,Personal,lynzsimmons,Official,None
Steven K. Koonse,Libertarian,Missouri,4,Missing,Missing,Missing,Missing,Missing,Missing
Emanuel Cleaver,Democratic,Missouri,5,Campaign,Vote4Cleaver,Personal,None,Official,repcleaver
Ryan Derks,Republican,Missouri,5,Campaign,thisisderks,Personal,None,Official,None
Robin Dominick,Libertarian,Missouri,5,Campaign,RobinRD4MO,Personal,None,Official,None
Sam Graves,Republican,Missouri,6,Campaign,None,Personal,None,Official,RepSamGraves
Gena L. Ross,Democratic,Missouri,6,Missing,Missing,Missing,Missing,Missing,Missing
Jim Higgins,Libertarian,Missouri,6,Campaign,None,Personal,None,Official,None
Billy Long,Republican,Missouri,7,Campaign,auctnr1,Personal,None,Official,USRepLong
Teresa Montseny,Democratic,Missouri,7,Campaign,montsenyt,Personal,None,Official,None
Kevin Craig,Libertarian,Missouri,7,Campaign,None,Personal,None,Official,None
Jason Smith,Republican,Missouri,8,Campaign,None,Personal,None,Official,RepJasonSmith
Kathy Ellis,Democratic,Missouri,8,Campaign,ellis4congress,Personal,None,Official,None
Tom Schmitz,Libertarian,Missouri,8,Campaign,TomSchmitzEsq,Personal,None,Official,None
Matt Rosendale,Republican,Montana,1,Campaign,None,Personal,None,Official,RepRosendale
Kathleen Williams,Democratic,Montana,1,Campaign,WilliamsForMT,Personal,None,Official,None
Jeff Fortenberry,Republican,Nebraska,1,Campaign,supportfotNE,Personal,None,Official,JeffFortenberry
Kate Bolz,Democratic,Nebraska,1,Campaign,katejbolz,Personal,None,Official,None
Dennis Grace,Libertarian,Nebraska,1,Campaign,thedennisgrace,Personal,None,Official,None
Don Bacon,Republican,Nebraska,2,Campaign,DonJBacon,Personal,None,Official,repdonbacon
Kara Eastman,Democratic,Nebraska,2,Campaign,karaforcongress,Personal,None,Official,None
Tyler Schaeffer,Libertarian,Nebraska,2,Campaign,None,Personal,None,Official,None
Adrian Smith,Republican,Nebraska,3,Campaign,None,Personal,None,Official,RepAdrianSmith
Mark Elworth,Democratic,Nebraska,3,Campaign,None,Personal,None,Official,None
Dustin Hobbs,Libertarian,Nebraska,3,Campaign,None,Personal,None,Official,None
Dina Titus,Democratic,Nevada,1,Campaign,None,Personal,None,Official,repdinatitus
Joyce Bentley,Republican,Nevada,1,Campaign,JoyceBentleyCD1,Personal,None,Official,None
Robert Van Strawder,Libertarian,Nevada,1,Campaign,strawvegasdon,Personal,None,Official,None
Kamau Bakari,Independent American,Nevada,1,Campaign,bakarikamau,Personal,BakariKamau,Official,None
Mark Amodei,Republican,Nevada,2,Campaign,None,Personal,None,Official,markamodeinv2
Patricia Ackerman,Democratic,Nevada,2,Campaign,PAckermanNV,Personal,None,Official,None
Janine Hansen,Independent American,Nevada,2,Campaign,None,Personal,None,Official,None
Susie Lee,Democratic,Nevada,3,Campaign,None,Personal,None,Official,RepSusieLee
Dan Rodimer,Republican,Nevada,3,Campaign,DanRodimer,Personal,None,Official,None
Steve Brown,Libertarian,Nevada,3,Campaign,None,Personal,None,Official,None
Edward Bridges,Independent American,Nevada,3,Campaign,None,Personal,None,Official,None
Steven Horsford,Democratic,Nevada,4,Campaign,None,Personal,None,Official,RepHorsford
Jim Marchant,Republican,Nevada,4,Campaign,VoteJimMarchant,Personal,None,Official,None
Jonathan Esteban,Libertarian,Nevada,4,Campaign,None,Personal,None,Official,None
Barry Rubinson,Independent American,Nevada,4,Campaign,None,Personal,None,Official,None
Chris Pappas,Democratic,New Hampshire,1,Campaign,ChrisPappasNH,Personal,None,Official,RepChrisPappas
Matt Mowers,Republican,New Hampshire,1,Campaign,mowers,Personal,None,Official,None
Zachary Dumont,Libertarian,New Hampshire,1,Campaign,ZacharySDumont,Personal,None,Official,None
Ann McLane Kuster,Democratic,New Hampshire,2,Campaign,AnnMcLaneKuster,Personal,None,Official,RepAnnieKuster
Steve Negron,Republican,New Hampshire,2,Campaign,SteveNegronNH,Personal,None,Official,None
Andrew Olding,Libertarian,New Hampshire,2,Campaign,AndrewOlding,Personal,None,Official,None
Donald Norcross,Democratic,New Jersey,1,Campaign,DonNorcross4NJ,Personal,None,Official,DonaldNorcross
Claire Gustafson,Republican,New Jersey,1,Campaign,ClaireGForNJRep,Personal,None,Official,None
Jeff Van Drew,Republican,New Jersey,2,Campaign,VanDrewForNJ,Personal,None,Official,None
Amy Kennedy,Democratic,New Jersey,2,Campaign,AmyKennedy715,Personal,None,Official,None
Jenna Harvey,Independent,New Jersey,2,Campaign,JennaforSj,Personal,None,Official,None
Jesse Ehrnstrom,Libertarian,New Jersey,2,Campaign,jesse4congress,Personal,None,Official,None
Andy Kim,Democratic,New Jersey,3,Missing,Missing,Missing,Missing,Missing,Missing
David Richter,Republican,New Jersey,3,Campaign,DavidRichterNJ,Personal,None,Official,None
Martin Weber,Independent,New Jersey,3,Campaign,None,Personal,None,Official,None
Robert Shapiro,Independent Constitution,New Jersey,3,Campaign,None,Personal,None,Official,None
Chris Smith,Republican,New Jersey,4,Campaign,None,Personal,None,Official,None
Stephanie Schmid,Democratic,New Jersey,4,Campaign,StephLSchmid,Personal,slsnator,Official,None
Henry Schroeder,Independent,New Jersey,4,Missing,Missing,Missing,Missing,Missing,Missing
Michael Rufo,Libertarian,New Jersey,4,Campaign,rufo4congress,Personal,None,Official,None
Andrew Machuta,Independent,New Jersey,4,Missing,Missing,Missing,Missing,Missing,Missing
Josh Gottheimer,Democratic,New Jersey,5,Campaign,None,Personal,None,Official,RepJoshG
Frank Pallotta,Republican,New Jersey,5,Campaign,FrankPallottaNJ,Personal,FTPallotta,Official,None
Louis Vellucci,Independent,New Jersey,5,Campaign,None,Personal,louv55,Official,None
Frank Pallone,Democratic,New Jersey,6,Campaign,pallonefornj,Personal,None,Official,frankpallone
Christian Onuoha,Republican,New Jersey,6,Campaign,None,Personal,None,Official,None
Tom Malinowski,Democratic,New Jersey,7,Campaign,None,Personal,None,Official,RepMalinowski
Thomas Kean Jr.,Republican,New Jersey,7,Campaign,KeanForCongress,Personal,None,Official,None
Albio Sires,Democratic,New Jersey,8,Campaign,AlbioSiresNJ,Personal,None,Official,RepSires
Jason Mushnick,Republican,New Jersey,8,Campaign,None,Personal,jtmush,Official,None
Dan Delaney,Libertarian,New Jersey,8,Campaign,danforcongress,Personal,None,Official,None
Bill Pascrell,Democratic,New Jersey,9,Campaign,pascrellfornj,Personal,None,Official,BillPascrell
Billy Prempeh,Republican,New Jersey,9,Campaign,BillyPrempeh,Personal,None,Official,None
Chris Auriemma,Independent,New Jersey,9,Campaign,None,Personal,None,Official,None
Donald Payne Jr.,Democratic,New Jersey,10,Campaign,None,Personal,None,Official,RepDonaldPayne
Jennifer Zinone,Republican,New Jersey,10,Campaign,JenZinone,Personal,None,Official,None
Khaliah Fitchette,Independent,New Jersey,10,Campaign,CongressKhaliah,Personal,None,Official,None
Akil Khalfani,Independent,New Jersey,10,Campaign,DrK4Congress,Personal,None,Official,None
John Mirrione,Libertarian,New Jersey,10,Campaign,JohnPMirrione,Personal,None,Official,None
Mikie Sherrill,Democratic,New Jersey,11,Campaign,None,Personal,None,Official,RepSherrill
Rosemary Becchi,Republican,New Jersey,11,Campaign,Becchi4Congress,Personal,None,Official,None
Bonnie Watson Coleman,Democratic,New Jersey,12,Campaign,Bonnie4Congress,Personal,None,Official,RepBonnie
Mark Razzoli,Republican,New Jersey,12,Campaign,None,Personal,None,Official,None
Ed Forchion,Legalize Marijuana,New Jersey,12,Missing,Missing,Missing,Missing,Missing,Missing
Kenneth Cody,Independent,New Jersey,12,Campaign,Cody4CongressNJ,Personal,None,Official,None
Deb Haaland,Democratic,New Mexico,1,Missing,Missing,Missing,Missing,Missing,Missing
Michelle Garcia Holmes,Republican,New Mexico,1,Campaign,None,Personal,None,Official,None
Yvette Herrell,Republican,New Mexico,2,Campaign,None,Personal,None,Official,RepHerrell
Xochitl Torres Small,Democratic,New Mexico,2,Campaign,XochforCongress,Personal,None,Official,None
Teresa Leger Fernandez,Democratic,New Mexico,3,Campaign,TeresaForNM,Personal,None,Official,RepTeresaLF
Alexis Johnson,Republican,New Mexico,3,Campaign,alexisjohnsonnm,Personal,None,Official,None
Lee Zeldin,Republican,New York,1,Campaign,leezeldin,Personal,None,Official,RepLeeZeldin
Nancy Goroff,Democratic,New York,1,Campaign,ngoroff,Personal,None,Official,None
Andrew Garbarino,Republican,New York,2,Campaign,GarbarinoforNY,Personal,None,Official,RepGarbarino
Jackie Gordon,Democratic,New York,2,Campaign,None,Personal,None,Official,None
Harry Burger,Green,New York,2,Campaign,HarryRBurger,Personal,None,Official,None
Thomas Suozzi,Democratic,New York,3,Missing,Missing,Missing,Missing,Missing,Missing
George Santos,Republican,New York,3,Missing,Missing,Missing,Missing,Missing,Missing
Howard Rabin,Libertarian,New York,3,Campaign,None,Personal,None,Official,None
Kathleen Rice,Democratic,New York,4,Campaign,KathleenRice,Personal,None,Official,repkathleenrice
Douglas Tuman,Republican,New York,4,Campaign,ElectTuman,Personal,douglastuman,Official,None
Joseph Naham,Green,New York,4,Missing,Missing,Missing,Missing,Missing,Missing
Gregory Meeks,Democratic,New York,5,Campaign,GregMeeksNYC,Personal,None,Official,repgregorymeeks
Grace Meng,Democratic,New York,6,Campaign,grace4ny,Personal,None,Official,RepGraceMeng
Tom Zmich,Republican,New York,6,Missing,Missing,Missing,Missing,Missing,Missing
Nydia Velázquez,Democratic,New York,7,Campaign,ReElectNydia,Personal,None,Official,NydiaVelazquez
Brian Kelly,Republican,New York,7,Campaign,None,Personal,None,Official,None
Gilbert Midonnet,Libertarian,New York,7,Campaign,None,Personal,None,Official,None
Hakeem Jeffries,Democratic,New York,8,Campaign,hakeem_jeffries,Personal,None,Official,RepJeffries
Garfield Wallace,Republican,New York,8,Campaign,None,Personal,None,Official,None
Yvette Clarke,Democratic,New York,9,Campaign,VoteYvette,Personal,None,Official,RepYvetteClarke
Constantin Jean-Pierre,Republican,New York,9,Campaign,None,Personal,None,Official,None
Gary Popkin,Libertarian,New York,9,Campaign,None,Personal,garypopkin,Official,None
Joel Azumah,Serve America,New York,9,Missing,Missing,Missing,Missing,Missing,Missing
Jerry Nadler,Democratic,New York,10,Campaign,None,Personal,None,Official,RepJerryNadler
Cathy Bernstein,Republican,New York,10,Campaign,CathyCongress,Personal,None,Official,None
Michael Madrid,Libertarian,New York,10,Campaign,madrid4nyc,Personal,kagemusha_,Official,None
Nicole Malliotakis,Republican,New York,11,Campaign,NMalliotakis,Personal,None,Official,RepMalliotakis
Max Rose,Democratic,New York,11,Campaign,MaxRose4NY,Personal,None,Official,None
Carolyn Maloney,Democratic,New York,12,Campaign,CarolynBMaloney,Personal,None,Official,RepMaloney
Carlos Santiago-Cano,Republican,New York,12,Campaign,CarlosforNY12,Personal,None,Official,None
Steven Kolln,Libertarian,New York,12,Campaign,stevenkolln,Personal,None,Official,None
Adriano Espaillat,Democratic,New York,13,Campaign,EspaillatNY,Personal,None,Official,RepEspaillat
Lovelynn Gwinn,Republican,New York,13,Campaign,love4congress,Personal,None,Official,None
Christopher Morris-Perry,Conservative,New York,13,Campaign,None,Personal,None,Official,None
Alexandria Ocasio-Cortez,Democratic,New York,14,Campaign,AOC,Personal,None,Official,RepAOC
John Cummings,Republican,New York,14,Campaign,cummings2020,Personal,None,Official,None
Michelle Caruso-Cabrera,Serve America,New York,14,Campaign,MCaruso_Cabrera,Personal,None,Official,None
Ritchie Torres,Democratic,New York,15,Campaign,None,Personal,RitchieTorres,Official,RepRitchie
Patrick Delices,Republican,New York,15,Campaign,PD4Congress,Personal,None,Official,None
Jamaal Bowman,Democratic,New York,16,Campaign,JamaalBowmanNY,Personal,None,Official,RepBowman
Patrick McManus,Conservative,New York,16,Campaign,None,Personal,None,Official,None
Mondaire Jones,Democratic,New York,17,Campaign,MondaireJones,Personal,None,Official,RepMondaire
Maureen McArdle-Schulman,Republican,New York,17,Missing,Missing,Missing,Missing,Missing,Missing
Yehudis Gottesfeld,Conservative,New York,17,Campaign,YehudisForNY,Personal,None,Official,None
Joshua Eisen,Independent,New York,17,Campaign,None,Personal,None,Official,None
Michael Parietti,Serve America,New York,17,Campaign,None,Personal,None,Official,None
Sean Patrick Maloney,Democratic,New York,18,Campaign,spmaloney,Personal,None,Official,repseanmaloney
Chele Farley,Republican,New York,18,Campaign,CheleFarley,Personal,None,Official,None
Scott Smith,Libertarian,New York,18,Campaign,MrSmithCongress,Personal,None,Official,None
Antonio Delgado,Democratic,New York,19,Campaign,DelgadoforNY19,Personal,None,Official,repdelgado
Kyle Van De Water,Republican,New York,19,Campaign,None,Personal,None,Official,None
Victoria Alexander,Libertarian,New York,19,Campaign,Alexander4Cong1,Personal,None,Official,None
Steve Greenfield,Green,New York,19,Missing,Missing,Missing,Missing,Missing,Missing
Paul Tonko,Democratic,New York,20,Campaign,PaulTonko,Personal,None,Official,reppaultonko
Elizabeth Joy,Republican,New York,20,Campaign,LizLemeryJoy,Personal,None,Official,None
Elise Stefanik,Republican,New York,21,Campaign,EliseStefanik,Personal,None,Official,RepStefanik
Tedra Cobb,Democratic,New York,21,Campaign,TedraCobb,Personal,None,Official,None
Claudia Tenney,Republican,New York,22,Campaign,None,Personal,None,Official,RepTenney
Anthony Brindisi,Democratic,New York,22,Campaign,ABrindisiNY,Personal,None,Official,RepBrindisi
Keith Price,Libertarian,New York,22,Campaign,None,Personal,None,Official,None
Tom Reed,Republican,New York,23,Campaign,TomReedCongress,Personal,None,Official,TomReedNY23
Tracy Mitrano,Democratic,New York,23,Campaign,MitranoForNY23,Personal,None,Official,None
Andrew Kolstee,Libertarian,New York,23,Campaign,AndrewKolstee,Personal,None,Official,None
John Katko,Republican,New York,24,Campaign,None,Personal,None,Official,RepJohnKatko
Dana Balter,Democratic,New York,24,Campaign,dana_balter,Personal,None,Official,None
Steven Williams,Working Families,New York,24,Campaign,None,Personal,None,Official,None
Joseph Morelle,Democratic,New York,25,Campaign,votemorelle,Personal,None,Official,repjoemorelle
George Mitris,Republican,New York,25,Campaign,GeorgeMitris1,Personal,None,Official,None
Kevin Wilson,Libertarian,New York,25,Campaign,KevinWilsonROC,Personal,None,Official,None
Brian Higgins,Democratic,New York,26,Campaign,Higgins4WNY,Personal,None,Official,repbrianhiggins
Ricky Donovan,Republican,New York,26,Campaign,None,Personal,None,Official,None
Michael Raleigh,Green,New York,26,Missing,Missing,Missing,Missing,Missing,Missing
Chris Jacobs,Republican,New York,27,Missing,Missing,Missing,Missing,Missing,Missing
Nate McMurray,Democratic,New York,27,Campaign,Nate_McMurray,Personal,None,Official,None
Duane Whitmer,Libertarian,New York,27,Campaign,None,Personal,None,Official,None
G. K. Butterfield,Democratic,North Carolina,1,Campaign,None,Personal,None,Official,GKButterfield
Sandy Smith,Republican,North Carolina,1,Campaign,SandySmithNC,Personal,None,Official,None
Deborah K. Ross,Democratic,North Carolina,2,Campaign,DeborahRossNC,Personal,None,Official,RepDeborahRoss
Alan Swain,Republican,North Carolina,2,Campaign,swain4congress,Personal,None,Official,None
Jeff Matemu,Libertarian,North Carolina,2,Campaign,JeffNc2,Personal,JeffNc2,Official,None
Greg Murphy,Republican,North Carolina,3,Campaign,GregMurphyMD,Personal,GMMD4Greenville,Official,RepGregMurphy
Daryl Farrow,Democratic,North Carolina,3,Campaign,None,Personal,None,Official,None
David Price,Democratic,North Carolina,4,Campaign,None,Personal,None,Official,RepDavidEPrice
Robert Thomas,Republican,North Carolina,4,Campaign,robertthomasnc1,Personal,None,Official,None
Virginia Foxx,Republican,North Carolina,5,Campaign,foxxforcongress,Personal,None,Official,virginiafoxx
David Wilson Brown,Democratic,North Carolina,5,Campaign,DWB4Congress,Personal,davidwbrown,Official,None
Jeff Gregory,Constitution,North Carolina,5,Campaign,None,Personal,None,Official,None
Kathy Manning,Democratic,North Carolina,6,Campaign,KathyManningNC,Personal,None,Official,RepKManning
Lee Haywood,Republican,North Carolina,6,Campaign,1Haywood,Personal,None,Official,None
David Rouzer,Republican,North Carolina,7,Campaign,DavidRouzer,Personal,None,Official,RepDavidRouzer
Christopher M. Ward,Democratic,North Carolina,7,Missing,Missing,Missing,Missing,Missing,Missing
Richard Hudson,Republican,North Carolina,8,Campaign,RepRichHudson,Personal,None,Official,None
Patricia Timmons-Goodson,Democratic,North Carolina,8,Campaign,TimmonsGoodson,Personal,None,Official,None
Dan Bishop,Republican,North Carolina,9,Campaign,jdanbishop,Personal,None,Official,RepDanBishop
Cynthia Wallace,Democratic,North Carolina,9,Campaign,WallaceCongress,Personal,None,Official,None
Patrick McHenry,Republican,North Carolina,10,Campaign,McHenryCampaign,Personal,None,Official,PatrickMcHenry
David Parker,Democratic,North Carolina,10,Campaign,Parker4NC10,Personal,None,Official,None
Madison Cawthorn,Republican,North Carolina,11,Campaign,CawthornforNC,Personal,None,Official,RepCawthorn
Morris Davis,Democratic,North Carolina,11,Campaign,MoeNc11,Personal,ColMorrisDavis,Official,None
Tracey DeBruhl,Libertarian,North Carolina,11,Campaign,TDeBruhl,Personal,None,Official,None
Tamara Zwinak,Green,North Carolina,11,Campaign,ZwinakNC11,Personal,None,Official,None
Alma Adams,Democratic,North Carolina,12,Campaign,AlmaforCongress,Personal,None,Official,RepAdams
Ted Budd,Republican,North Carolina,13,Campaign,TedBuddNC,Personal,None,Official,RepTedBudd
Scott Huffman,Democratic,North Carolina,13,Campaign,HuffmanForNC,Personal,None,Official,None
Kelly Armstrong,Republican,North Dakota,1,Campaign,Armstrong_ND,Personal,armstrong_km,Official,RepArmstrongND
Zach Raknerud,Democratic,North Dakota,1,Campaign,ZachforND,Personal,None,Official,None
Steven Peterson,Libertarian,North Dakota,1,Campaign,None,Personal,None,Official,None
Steve Chabot,Republican,Ohio,1,Campaign,SteveChabot,Personal,None,Official,repstevechabot
Kate Schroder,Democratic,Ohio,1,Campaign,KateForCongress,Personal,kate_schroder,Official,None
Kevin David Kahn,Libertarian,Ohio,1,Missing,Missing,Missing,Missing,Missing,Missing
Brad Wenstrup,Republican,Ohio,2,Campaign,bradwenstrup,Personal,None,Official,RepBradWenstrup
Jaime Castle,Democratic,Ohio,2,Campaign,jaimecastleOH,Personal,None,Official,None
Joyce Beatty,Democratic,Ohio,3,Campaign,JoyceBeatty,Personal,None,Official,RepBeatty
Mark Richardson,Republican,Ohio,3,Campaign,RichardsonOH3,Personal,None,Official,None
Jim Jordan,Republican,Ohio,4,Campaign,None,Personal,None,Official,Jim_Jordan
Shannon Freshour,Democratic,Ohio,4,Campaign,ShannonFreshour,Personal,None,Official,None
Steve Perkins,Libertarian,Ohio,4,Campaign,None,Personal,None,Official,None
Bob Latta,Republican,Ohio,5,Campaign,latta4congress,Personal,None,Official,boblatta
Nick Rubando,Democratic,Ohio,5,Campaign,NickRubando,Personal,None,Official,None
Bill Johnson,Republican,Ohio,6,Campaign,JohnsonLeads,Personal,None,Official,RepBillJohnson
Shawna Roberts,Democratic,Ohio,6,Campaign,RobertsOhioD6,Personal,None,Official,None
Bob Gibbs,Republican,Ohio,7,Campaign,Bob_Gibbs,Personal,None,Official,repbobgibbs
Quentin Potter,Democratic,Ohio,7,Campaign,quentinforoh7,Personal,None,Official,None
Brandon Lape,Libertarian,Ohio,7,Campaign,LapeForOhio,Personal,None,Official,None
Warren Davidson,Republican,Ohio,8,Campaign,Vote_Davidson,Personal,None,Official,warrendavidson
Vanessa Enoch,Democratic,Ohio,8,Campaign,None,Personal,None,Official,None
Marcy Kaptur,Democratic,Ohio,9,Campaign,Marcy_Kaptur,Personal,None,Official,RepMarcyKaptur
Rob Weber,Republican,Ohio,9,Campaign,WestPointWeber,Personal,None,Official,None
Mike Turner,Republican,Ohio,10,Campaign,None,Personal,None,Official,None
Desiree Tims,Democratic,Ohio,10,Campaign,TimsDesiree,Personal,None,Official,None
Marcia Fudge,Democratic,Ohio,11,Campaign,mlfudge,Personal,None,Official,RepMarciaFudge
Laverne Gore,Republican,Ohio,11,Campaign,GoreLaverne,Personal,None,Official,None
Troy Balderson,Republican,Ohio,12,Campaign,None,Personal,None,Official,RepBalderson
Alaina Shearer,Democratic,Ohio,12,Campaign,alainashearer,Personal,None,Official,None
John S. Stewart,Libertarian,Ohio,12,Missing,Missing,Missing,Missing,Missing,Missing
Tim Ryan,Democratic,Ohio,13,Campaign,TimRyan,Personal,None,Official,RepTimRyan
Christina Hagan,Republican,Ohio,13,Campaign,RepHagan,Personal,None,Official,None
Michael Fricke,Libertarian,Ohio,13,Campaign,None,Personal,None,Official,None
David Joyce,Republican,Ohio,14,Campaign,DaveJoyceOH14,Personal,None,Official,RepDaveJoyce
Hillary O'Connor Mueri,Democratic,Ohio,14,Campaign,HillaryMueri,Personal,None,Official,None
Steve Stivers,Republican,Ohio,15,Campaign,None,Personal,None,Official,None
Joel Newby,Democratic,Ohio,15,Campaign,NewbyOH15,Personal,joelbnewbyiii,Official,None
Anthony Gonzalez,Republican,Ohio,16,Campaign,None,Personal,None,Official,RepAGonzalez
Aaron Paul Godfrey,Democratic,Ohio,16,Missing,Missing,Missing,Missing,Missing,Missing
Kevin Hern,Republican,Oklahoma,1,Campaign,krhern,Personal,None,Official,repkevinhern
Kojo Asamoa-Caesar,Democratic,Oklahoma,1,Campaign,kojoforcongress,Personal,None,Official,None
Evelyn Rogers,Independent,Oklahoma,1,Campaign,None,Personal,None,Official,None
Markwayne Mullin,Republican,Oklahoma,2,Campaign,None,Personal,None,Official,RepMullin
Danyell Lanier,Democratic,Oklahoma,2,Campaign,danyell_lanier,Personal,None,Official,None
Richie Castaldo,Libertarian,Oklahoma,2,Missing,Missing,Missing,Missing,Missing,Missing
Frank Lucas,Republican,Oklahoma,3,Campaign,FrankDLucas,Personal,None,Official,RepFrankLucas
Zoe Midyett,Democratic,Oklahoma,3,Missing,Missing,Missing,Missing,Missing,Missing
Tom Cole,Republican,Oklahoma,4,Campaign,None,Personal,None,Official,TomColeOK04
Mary Brannon,Democratic,Oklahoma,4,Campaign,ElectBrannon,Personal,None,Official,None
Bob White,Libertarian,Oklahoma,4,Campaign,None,Personal,None,Official,None
Stephanie Bice,Republican,Oklahoma,5,Campaign,stephaniebice,Personal,None,Official,RepBice
Kendra Horn,Democratic,Oklahoma,5,Campaign,HornForCongress,Personal,None,Official,None
Suzanne Bonamici,Democratic,Oregon,1,Campaign,None,Personal,None,Official,repbonamici
Christopher Christensen,Republican,Oregon,1,Campaign,None,Personal,None,Official,None
Cliff Bentz,Republican,Oregon,2,Campaign,None,Personal,None,Official,RepBentz
Alex Spenser,Democratic,Oregon,2,Campaign,spenser2020,Personal,None,Official,None
Robert Werch,Libertarian,Oregon,2,Campaign,None,Personal,RawFlyer,Official,None
Earl Blumenauer,Democratic,Oregon,3,Campaign,None,Personal,None,Official,None
Joanna Harbour,Republican,Oregon,3,Campaign,None,Personal,None,Official,None
Alex DiBlasi,Pacific Green,Oregon,3,Campaign,DiBlasi4Oregon,Personal,None,Official,None
Josh Solomon,Libertarian,Oregon,3,Campaign,None,Personal,None,Official,None
Peter DeFazio,Democratic,Oregon,4,Campaign,defazio4oregon,Personal,None,Official,RepPeterDeFazio
Alek Skarlatos,Republican,Oregon,4,Campaign,alekskarlatos,Personal,None,Official,None
Daniel Hoffay,Pacific Green,Oregon,4,Campaign,None,Personal,kogwonton,Official,None
Kurt Schrader,Democratic,Oregon,5,Campaign,VoteSchrader,Personal,None,Official,repschrader
Amy Ryan Courser,Republican,Oregon,5,Campaign,AmyforOregon,Personal,BBGoddess13,Official,None
Matthew James Rix,Libertarian,Oregon,5,Missing,Missing,Missing,Missing,Missing,Missing
Brian Fitzpatrick,Republican,Pennsylvania,1,Campaign,None,Personal,None,Official,RepBrianFitz
Christina Finello,Democratic,Pennsylvania,1,Campaign,FinelloForPA,Personal,None,Official,None
Brendan Boyle,Democratic,Pennsylvania,2,Campaign,None,Personal,None,Official,CongBoyle
David Torres,Republican,Pennsylvania,2,Campaign,None,Personal,None,Official,None
Dwight Evans,Democratic,Pennsylvania,3,Campaign,None,Personal,None,Official,RepDwightEvans
Michael Harvey,Republican,Pennsylvania,3,Campaign,FriendsHarvey,Personal,None,Official,None
Madeleine Dean,Democratic,Pennsylvania,4,Campaign,None,Personal,None,Official,RepDean
Kathy Barnette,Republican,Pennsylvania,4,Campaign,kathy4truth,Personal,None,Official,None
Mary Gay Scanlon,Democratic,Pennsylvania,5,Campaign,None,Personal,None,Official,repmgs
Dasha Pruett,Republican,Pennsylvania,5,Campaign,None,Personal,None,Official,None
Chrissy Houlahan,Democratic,Pennsylvania,6,Campaign,None,Personal,None,Official,rephoulahan
John Emmons,Republican,Pennsylvania,6,Campaign,Emmons4Congress,Personal,johnwemmons,Official,None
Susan Wild,Democratic,Pennsylvania,7,Campaign,None,Personal,None,Official,RepSusanWild
Lisa Scheller,Republican,Pennsylvania,7,Campaign,SchellerforPA,Personal,None,Official,None
Matt Cartwright,Democratic,Pennsylvania,8,Campaign,None,Personal,None,Official,RepCartwright
Jim Bognet,Republican,Pennsylvania,8,Campaign,Bognet4congress,Personal,jimbognet,Official,None
Dan Meuser,Republican,Pennsylvania,9,Campaign,None,Personal,None,Official,RepMeuser
Gary Wegman,Democratic,Pennsylvania,9,Campaign,DrGaryWegman,Personal,None,Official,None
Scott Perry,Republican,Pennsylvania,10,Campaign,None,Personal,None,Official,RepScottPerry
Eugene DePasquale,Democratic,Pennsylvania,10,Campaign,DePasqualePA,Personal,None,Official,None
Lloyd Smucker,Republican,Pennsylvania,11,Campaign,None,Personal,None,Official,RepSmucker
Sarah Hammond,Democratic,Pennsylvania,11,Campaign,sarahforus,Personal,None,Official,None
Fred Keller,Republican,Pennsylvania,12,Campaign,None,Personal,None,Official,RepFredKeller
Lee Griffin,Democratic,Pennsylvania,12,Campaign,None,Personal,None,Official,None
John Joyce,Republican,Pennsylvania,13,Campaign,None,Personal,None,Official,RepJohnJoyce
Todd Rowley,Democratic,Pennsylvania,13,Campaign,ToddRowleyPA13,Personal,RToddRowley,Official,None
Guy Reschenthaler,Republican,Pennsylvania,14,Campaign,None,Personal,None,Official,GReschenthaler
Bill Marx,Democratic,Pennsylvania,14,Missing,Missing,Missing,Missing,Missing,Missing
Glenn Thompson,Republican,Pennsylvania,15,Campaign,None,Personal,None,Official,CongressmanGT
Robert Williams,Democratic,Pennsylvania,15,Campaign,williamsfor15,Personal,None,Official,None
Mike Kelly,Republican,Pennsylvania,16,Campaign,MikeKellyforPA,Personal,None,Official,MikeKellyPA
Kristy Gnibus,Democratic,Pennsylvania,16,Campaign,kristy4pa,Personal,BeyondKristy,Official,None
Conor Lamb,Democratic,Pennsylvania,17,Campaign,ConorLambPA,Personal,None,Official,RepConorLamb
Sean Parnell,Republican,Pennsylvania,17,Campaign,SeanParnellUSA,Personal,None,Official,None
Michael F. Doyle,Democratic,Pennsylvania,18,Campaign,rep_doyle,Personal,None,Official,USRepMikeDoyle
Luke Negron,Republican,Pennsylvania,18,Campaign,LukeEdison20,Personal,None,Official,None
David Cicilline,Democratic,Rhode Island,1,Campaign,davidcicilline,Personal,None,Official,RepCicilline
Jeffrey Lemire,Independent,Rhode Island,1,Campaign,None,Personal,None,Official,None
Frederick Wysocki,Independent,Rhode Island,1,Campaign,None,Personal,None,Official,None
Jim Langevin,Democratic,Rhode Island,2,Campaign,LangevinForRI,Personal,None,Official,JimLangevin
Robert Lancia,Republican,Rhode Island,2,Campaign,BobLancia,Personal,None,Official,None
Nancy Mace,Republican,South Carolina,1,Campaign,NancyMace,Personal,None,Official,RepNancyMace
Joe Cunningham,Democratic,South Carolina,1,Campaign,JoeCunninghamSC,Personal,None,Official,RepCunningham
Joe Wilson,Republican,South Carolina,2,Campaign,TeamJoeWilson,Personal,None,Official,RepJoeWilson
Adair Boroughs,Democratic,South Carolina,2,Missing,Missing,Missing,Missing,Missing,Missing
Kathleen Wright,Constitution,South Carolina,2,Campaign,None,Personal,None,Official,None
Jeff Duncan,Republican,South Carolina,3,Campaign,Duncan4Congress,Personal,None,Official,RepJeffDuncan
Hosea Cleveland,Democratic,South Carolina,3,Campaign,ClevelandHosea,Personal,None,Official,None
William Timmons,Republican,South Carolina,4,Campaign,VoteTimmons,Personal,None,Official,RepTimmons
Kim Nelson,Democratic,South Carolina,4,Campaign,KimforSC,Personal,None,Official,None
Michael Chandler,Constitution,South Carolina,4,Campaign,None,Personal,None,Official,None
Ralph Norman,Republican,South Carolina,5,Campaign,RalphNorman,Personal,None,Official,RepRalphNorman
Moe Brown,Democratic,South Carolina,5,Campaign,MoeBrownSC,Personal,SC5forMoe,Official,None
Jim Clyburn,Democratic,South Carolina,6,Campaign,ClyburnSC06,Personal,None,Official,WhipClyburn
John McCollum,Republican,South Carolina,6,Campaign,MccollumFor,Personal,None,Official,None
Mark Hackett,Constitution,South Carolina,6,Campaign,None,Personal,None,Official,None
Tom Rice,Republican,South Carolina,7,Campaign,None,Personal,None,Official,RepTomRice
Melissa Watson,Democratic,South Carolina,7,Campaign,melissawatsonf1,Personal,None,Official,None
Dusty Johnson,Republican,South Dakota,1,Campaign,None,Personal,None,Official,RepDustyJohnson
Randy Luallin,Libertarian,South Dakota,1,Campaign,None,Personal,None,Official,None
Diana Harshbarger,Republican,Tennessee,1,Campaign,DHarshbargerTN1,Personal,None,Official,RepHarshbarger
Blair Walsingham,Democratic,Tennessee,1,Campaign,BlairWalsingham,Personal,None,Official,None
Steve Holder,Independent,Tennessee,1,Campaign,SteveHolder_,Personal,None,Official,None
Tim Burchett,Republican,Tennessee,2,Campaign,timburchett,Personal,None,Official,RepTimBurchett
Renee Hoyos,Democratic,Tennessee,2,Campaign,HoyosInTheHouse,Personal,RVHoyos,Official,None
Matthew Campbell,Independent,Tennessee,2,Campaign,None,Personal,None,Official,None
Chuck Fleischmann,Republican,Tennessee,3,Campaign,chuck4congress,Personal,None,Official,RepChuck
Meg Gorman,Democratic,Tennessee,3,Campaign,Meg4Congress,Personal,None,Official,None
Amber Hysell,Independent,Tennessee,3,Campaign,hysell2020,Personal,None,Official,None
Keith Sweitzer,Independent,Tennessee,3,Missing,Missing,Missing,Missing,Missing,Missing
Scott DesJarlais,Republican,Tennessee,4,Campaign,tndesjarlais,Personal,None,Official,DesJarlaisTN04
Christopher J. Hale,Democratic,Tennessee,4,Missing,Missing,Missing,Missing,Missing,Missing
Jim Cooper,Democratic,Tennessee,5,Campaign,CoopForCongress,Personal,None,Official,repjimcooper
John W. Rose,Republican,Tennessee,6,Missing,Missing,Missing,Missing,Missing,Missing
Christopher Finley,Democratic,Tennessee,6,Campaign,None,Personal,None,Official,None
Christopher Monday,Independent,Tennessee,6,Campaign,CMonday4Liberty,Personal,None,Official,None
Mark E. Green,Republican,Tennessee,7,Missing,Missing,Missing,Missing,Missing,Missing
Kiran Sreepada,Democratic,Tennessee,7,Campaign,Kiran4congress,Personal,None,Official,None
Ronald Brown,Independent,Tennessee,7,Campaign,RonaldB35121782,Personal,None,Official,None
"Scott Vieira, Jr.",Independent,Tennessee,7,Missing,Missing,Missing,Missing,Missing,Missing
David Kustoff,Republican,Tennessee,8,Campaign,DavidKustoff,Personal,None,Official,RepDavidKustoff
Erika Stotts Pearson,Democratic,Tennessee,8,Campaign,erika_stotts,Personal,None,Official,None
James Hart,Independent,Tennessee,8,Campaign,None,Personal,None,Official,None
Jon Dillard,Independent,Tennessee,8,Campaign,JonDillard_TN8,Personal,None,Official,None
Steve Cohen,Democratic,Tennessee,9,Campaign,ReElectCohen,Personal,None,Official,RepCohen
Charlotte Bergmann,Republican,Tennessee,9,Campaign,ElectBergmann,Personal,None,Official,None
Dennis Clark,Independent,Tennessee,9,Campaign,None,Personal,dennisdacomic,Official,None
Bobby Lyons,Independent,Tennessee,9,Campaign,None,Personal,None,Official,None
Louie Gohmert,Republican,Texas,1,Campaign,None,Personal,None,Official,replouiegohmert
Hank Gilbert,Democratic,Texas,1,Campaign,Hank4Texas,Personal,None,Official,None
Dan Crenshaw,Republican,Texas,2,Missing,Missing,Missing,Missing,Missing,Missing
Sima Ladjevardian,Democratic,Texas,2,Campaign,SimaforTX,Personal,None,Official,None
Elliott Scheirman,Libertarian,Texas,2,Campaign,VoteScheirman,Personal,LOLLIOTT,Official,None
Van Taylor,Republican,Texas,3,Campaign,VanTaylorTX,Personal,None,Official,RepVanTaylor
Lulu Seikaly,Democratic,Texas,3,Campaign,LuluForTexas,Personal,None,Official,None
Christopher Claytor,Libertarian,Texas,3,Campaign,None,Personal,None,Official,None
Pat Fallon,Republican,Texas,4,Campaign,FallonForTexas,Personal,None,Official,RepPatFallon
Russell Foster,Democratic,Texas,4,Campaign,RussellFosterTX,Personal,None,Official,None
Lou Antonelli,Libertarian,Texas,4,Campaign,LouAntonelli,Personal,None,Official,None
Lance Gooden,Republican,Texas,5,Campaign,Lancegooden,Personal,None,Official,None
Carolyn Salter,Democratic,Texas,5,Campaign,SalterforTexas,Personal,None,Official,None
Kevin Hale,Libertarian,Texas,5,Campaign,None,Personal,None,Official,None
Ron Wright,Republican,Texas,6,Campaign,ron4congress,Personal,None,Official,None
Stephen Daniel,Democratic,Texas,6,Campaign,stephendaniel,Personal,None,Official,None
Melanie Black,Libertarian,Texas,6,Campaign,MelanieABlackf1,Personal,Melanie51651801,Official,None
Lizzie Fletcher,Democratic,Texas,7,Campaign,lizzie4congress,Personal,None,Official,RepFletcher
Wesley Hunt,Republican,Texas,7,Campaign,WesleyHuntTX,Personal,None,Official,None
Shawn Kelly,Libertarian,Texas,7,Campaign,ShawnKelly2020,Personal,None,Official,None
Kevin Brady,Republican,Texas,8,Campaign,bradyfortexas,Personal,None,Official,RepKevinBrady
Elizabeth Hernandez,Democratic,Texas,8,Campaign,LizForTX8,Personal,None,Official,None
Chris Duncan,Libertarian,Texas,8,Campaign,None,Personal,None,Official,None
Al Green,Democratic,Texas,9,Campaign,RepAlGreenTX,Personal,None,Official,RepAlGreen
Johnny Teague,Republican,Texas,9,Campaign,for_teague,Personal,None,Official,None
José Sosa,Libertarian,Texas,9,Missing,Missing,Missing,Missing,Missing,Missing
Michael McCaul,Republican,Texas,10,Campaign,McCaulforTexas,Personal,None,Official,RepMcCaul
Mike Siegel,Democratic,Texas,10,Campaign,siegelfortexas,Personal,None,Official,None
Roy Eriksen,Libertarian,Texas,10,Campaign,None,Personal,None,Official,None
August Pfluger,Republican,Texas,11,Campaign,AugustPfluger,Personal,None,Official,RepPfluger
Jon Mark Hogg,Democratic,Texas,11,Campaign,jonmarkhogg,Personal,None,Official,None
Wacey Alpha Cody,Libertarian,Texas,11,Campaign,WaceyCody,Personal,None,Official,None
Kay Granger,Republican,Texas,12,Campaign,GrangerCampaign,Personal,None,Official,RepKayGranger
Lisa Welch,Democratic,Texas,12,Campaign,WelchforAll,Personal,None,Official,None
Trey Holcomb,Libertarian,Texas,12,Campaign,TreyHolcomb,Personal,None,Official,None
Ronny Jackson,Republican,Texas,13,Campaign,RonnyJacksonTX,Personal,None,Official,RepRonnyJackson
Gus Trujillo,Democratic,Texas,13,Campaign,GusForTX,Personal,GusLTrujillo,Official,None
Jack Westbrook,Libertarian,Texas,13,Campaign,None,Personal,ministerjWb,Official,None
Randy Weber,Republican,Texas,14,Campaign,None,Personal,None,Official,TXRandy14
Adrienne Bell,Democratic,Texas,14,Campaign,AdrBell,Personal,None,Official,None
Vicente Gonzalez,Democratic,Texas,15,Campaign,None,Personal,None,Official,RepGonzalez
Monica de la Cruz-Hernandez,Republican,Texas,15,Missing,Missing,Missing,Missing,Missing,Missing
Ross Lynn Leone,Libertarian,Texas,15,Campaign,None,Personal,None,Official,None
Veronica Escobar,Democratic,Texas,16,Campaign,vgescobar,Personal,None,Official,RepEscobar
Irene Armendariz-Jackson,Republican,Texas,16,Campaign,ArmendarizDis16,Personal,amazingurl09,Official,None
Pete Sessions,Republican,Texas,17,Campaign,SessionsTX17,Personal,None,Official,PeteSessions
Rick Kennedy,Democratic,Texas,17,Campaign,RickKennedyTX17,Personal,None,Official,None
Ted Brown,Libertarian,Texas,17,Campaign,None,Personal,None,Official,None
Sheila Jackson Lee,Democratic,Texas,18,Campaign,None,Personal,None,Official,JacksonLeeTX18
Wendell Champion,Republican,Texas,18,Campaign,ChampionTx2020,Personal,None,Official,None
Luke Spencer,Libertarian,Texas,18,Campaign,LukeSpencer2020,Personal,None,Official,None
Vince Duncan,Independent,Texas,18,Campaign,duncanvince23,Personal,duncanvince23,Official,None
Jodey Arrington,Republican,Texas,19,Campaign,JodeyArrington,Personal,None,Official,RepArrington
Tom Watson,Democratic,Texas,19,Campaign,TomWatsonTX19,Personal,None,Official,None
Joe Burnes,Libertarian,Texas,19,Campaign,JoeBurnes,Personal,None,Official,None
Joaquin Castro,Democratic,Texas,20,Campaign,Castro4Congress,Personal,None,Official,JoaquinCastrotx
Mauro Garza,Republican,Texas,20,Campaign,None,Personal,None,Official,None
Jeffrey Blunt,Libertarian,Texas,20,Campaign,None,Personal,None,Official,None
Chip Roy,Republican,Texas,21,Campaign,chiproytx,Personal,None,Official,RepChipRoy
Wendy Davis,Democratic,Texas,21,Campaign,wendydavis,Personal,None,Official,None
Arthur DiBianca,Libertarian,Texas,21,Campaign,None,Personal,None,Official,None
Tommy Wakely,Green,Texas,21,Missing,Missing,Missing,Missing,Missing,Missing
Troy Nehls,Republican,Texas,22,Campaign,SheriffTNehls,Personal,None,Official,RepTroyNehls
Sri Preston Kulkarni,Democratic,Texas,22,Campaign,SriPKulkarni,Personal,None,Official,None
"Joseph LeBlanc, Jr.",Libertarian,Texas,22,Missing,Missing,Missing,Missing,Missing,Missing
Tony Gonzales,Republican,Texas,23,Campaign,TonyGonzales4TX,Personal,None,Official,RepTonyGonzales
Gina Ortiz Jones,Democratic,Texas,23,Campaign,ginaortizjones,Personal,None,Official,None
Beto Villela,Libertarian,Texas,23,Campaign,None,Personal,None,Official,None
Beth Van Duyne,Republican,Texas,24,Campaign,None,Personal,None,Official,RepBethVanDuyne
Candace Valenzuela,Democratic,Texas,24,Campaign,candacefor24,Personal,None,Official,None
Darren Hamilton,Libertarian,Texas,24,Campaign,None,Personal,None,Official,None
Steve Kuzmich,Independent,Texas,24,Campaign,stevekuzmich,Personal,None,Official,None
Mark Bauer,Independent,Texas,24,Campaign,MarkBauer,Personal,None,Official,None
Roger Williams,Republican,Texas,25,Campaign,RogerWilliamsTX,Personal,None,Official,RepRWilliams
Julie Oliver,Democratic,Texas,25,Campaign,JulieForTX25,Personal,None,Official,None
Bill Kelsey,Libertarian,Texas,25,Campaign,None,Personal,None,Official,None
Michael C. Burgess,Republican,Texas,26,Campaign,None,Personal,None,Official,michaelcburgess
Carol Iannuzzi,Democratic,Texas,26,Campaign,caroltx26,Personal,IannuzziCarol,Official,None
Mark Boler,Libertarian,Texas,26,Campaign,markboler,Personal,None,Official,None
Michael Cloud,Republican,Texas,27,Campaign,MichaelJCloud,Personal,None,Official,RepCloudTX
Ricardo de la Fuente,Democratic,Texas,27,Campaign,ricky4congress,Personal,None,Official,None
Phil Gray,Libertarian,Texas,27,Campaign,None,Personal,None,Official,None
Henry Cuellar,Democratic,Texas,28,Campaign,CuellarCampaign,Personal,None,Official,RepCuellar
Sandra Whitten,Republican,Texas,28,Campaign,texas_sandra,Personal,None,Official,None
Bekah Congdon,Libertarian,Texas,28,Campaign,LibertyBeks,Personal,None,Official,None
Sylvia Garcia,Democratic,Texas,29,Campaign,None,Personal,None,Official,RepSylviaGarcia
Jaimy Blanco,Republican,Texas,29,Campaign,JaimyBlanco,Personal,None,Official,None
Phil Kurtz,Libertarian,Texas,29,Campaign,None,Personal,None,Official,None
Eddie Bernice Johnson,Democratic,Texas,30,Campaign,None,Personal,None,Official,RepEBJ
Tre Pennie,Republican,Texas,30,Campaign,sgt_pennie,Personal,None,Official,None
Eric Williams,Independent,Texas,30,Campaign,thefutured30,Personal,None,Official,None
John Carter,Republican,Texas,31,Campaign,JudgeJohnCarter,Personal,None,Official,JudgeCarter
Donna Imam,Democratic,Texas,31,Campaign,donnaimamTX,Personal,None,Official,None
Clark Patterson,Libertarian,Texas,31,Campaign,None,Personal,ClarkPatterson,Official,None
Colin Allred,Democratic,Texas,32,Campaign,ColinAllredTX,Personal,None,Official,RepColinAllred
Genevieve Collins,Republican,Texas,32,Campaign,gcforcongress,Personal,None,Official,None
Christy Mowrey Peterson,Libertarian,Texas,32,Campaign,None,Personal,None,Official,None
Jason Sigmon,Independent,Texas,32,Campaign,jasonxsigmon,Personal,None,Official,None
Marc Veasey,Democratic,Texas,33,Campaign,MarcVeasey,Personal,None,Official,RepVeasey
Fabian Vasquez,Republican,Texas,33,Campaign,FCV2020Campaign,Personal,None,Official,None
Carlos Quintanilla,Independent,Texas,33,Campaign,None,Personal,None,Official,None
Jason Reeves,Libertarian,Texas,33,Campaign,None,Personal,None,Official,None
Renedria Welton,Independent,Texas,33,Campaign,Welton4US,Personal,None,Official,None
Filemon Vela Jr.,Democratic,Texas,34,Missing,Missing,Missing,Missing,Missing,Missing
Rey Gonzalez,Republican,Texas,34,Campaign,reygonzalez34,Personal,None,Official,None
Anthony Cristo,Libertarian,Texas,34,Campaign,CristoDude,Personal,None,Official,None
Chris Royal,Independent,Texas,34,Campaign,None,Personal,None,Official,None
Lloyd Doggett,Democratic,Texas,35,Campaign,LloydDoggettTX,Personal,None,Official,RepLloydDoggett
Jenny Sharon,Republican,Texas,35,Missing,Missing,Missing,Missing,Missing,Missing
Mark Loewe,Libertarian,Texas,35,Campaign,None,Personal,None,Official,None
"Jason Mata, Sr.",Independent,Texas,35,Missing,Missing,Missing,Missing,Missing,Missing
Brian Babin,Republican,Texas,36,Campaign,babin4congress,Personal,None,Official,RepBrianBabin
Rashad Lewis,Democratic,Texas,36,Campaign,RLewis4Congress,Personal,None,Official,None
Chad Abbey,Libertarian,Texas,36,Campaign,None,Personal,None,Official,None
"Hal Ridley, Jr.",Green,Texas,36,Missing,Missing,Missing,Missing,Missing,Missing
Blake Moore,Republican,Utah,1,Campaign,None,Personal,None,Official,RepBlakeMoore
Darren Parry,Democratic,Utah,1,Campaign,darrenforutah,Personal,None,Official,None
Chris Stewart,Republican,Utah,2,Campaign,StewartforUtah,Personal,None,Official,repchrisstewart
Kael Weston,Democratic,Utah,2,Campaign,None,Personal,None,Official,None
J. Robert Latham,Libertarian,Utah,2,Campaign,freeutahns,Personal,None,Official,None
John Curtis,Republican,Utah,3,Campaign,None,Personal,None,Official,RepJohnCurtis
Devin Thorpe,Democratic,Utah,3,Campaign,devindthorpe,Personal,None,Official,None
Daniel Cummings,Constitution,Utah,3,Missing,Missing,Missing,Missing,Missing,Missing
Thomas McNeill,United Utah,Utah,3,Campaign,None,Personal,None,Official,None
Burgess Owens,Republican,Utah,4,Campaign,None,Personal,None,Official,RepBurgessOwens
Ben McAdams,Democratic,Utah,4,Campaign,BenMcAdams,Personal,None,Official,RepBenMcAdams
John Molnar,Libertarian,Utah,4,Campaign,Gear6A,Personal,None,Official,None
Jonia Broderick,United Utah,Utah,4,Campaign,teamjonia2020,Personal,None,Official,None
Peter Welch,Democratic,Vermont,1,Campaign,WelchForVT,Personal,None,Official,PeterWelch
Miriam Berry,Republican,Vermont,1,Campaign,None,Personal,MiriamBerry3,Official,None
Peter Becker,Independent,Vermont,1,Campaign,None,Personal,None,Official,None
Marcia Horne,Independent,Vermont,1,Campaign,ElectHorne,Personal,marciahrn,Official,None
Christopher Helali,Communist,Vermont,1,Campaign,ChrisHelali,Personal,None,Official,None
Shawn Orr,Independent,Vermont,1,Campaign,None,Personal,None,Official,None
Jerry Trudell,Independent,Vermont,1,Campaign,None,Personal,None,Official,None
Rob Wittman,Republican,Virginia,1,Campaign,None,Personal,None,Official,RobWittman
Qasim Rashid,Democratic,Virginia,1,Campaign,QasimRashid,Personal,None,Official,None
Elaine Luria,Democratic,Virginia,2,Campaign,None,Personal,None,Official,RepElaineLuria
Scott Taylor,Republican,Virginia,2,Campaign,Scotttaylorva,Personal,None,Official,None
David Foster,Independent,Virginia,2,Campaign,RsvpTruth,Personal,None,Official,None
Bobby Scott,Democratic,Virginia,3,Campaign,bobbyscott4va3,Personal,None,Official,BobbyScott
John Collick,Republican,Virginia,3,Campaign,johncollick,Personal,None,Official,None
Donald McEachin,Democratic,Virginia,4,Campaign,None,Personal,None,Official,RepMcEachin
Leon Benjamin,Republican,Virginia,4,Campaign,None,Personal,LeonBenjamin,Official,None
Bob Good,Republican,Virginia,5,Campaign,GoodForCongress,Personal,None,Official,RepBobGood
Cameron Webb,Democratic,Virginia,5,Campaign,DrCameronWebb,Personal,None,Official,None
Ben Cline,Republican,Virginia,6,Campaign,Cline4Virginia,Personal,None,Official,RepBenCline
Nicholas Betts,Democratic,Virginia,6,Campaign,VoteForBetts,Personal,None,Official,None
Abigail Spanberger,Democratic,Virginia,7,Campaign,None,Personal,None,Official,RepSpanberger
Nick Freitas,Republican,Virginia,7,Campaign,TeamNickVA,Personal,None,Official,None
Don Beyer,Democratic,Virginia,8,Campaign,None,Personal,None,Official,RepDonBeyer
Jeff Jordan,Republican,Virginia,8,Campaign,None,Personal,None,Official,None
Morgan Griffith,Republican,Virginia,9,Campaign,None,Personal,None,Official,RepMGriffith
Jennifer Wexton,Democratic,Virginia,10,Campaign,JenniferWexton,Personal,None,Official,RepWexton
Aliscia Andrews,Republican,Virginia,10,Campaign,alisciaandrews,Personal,None,Official,None
Gerry Connolly,Democratic,Virginia,11,Campaign,None,Personal,None,Official,GerryConnolly
Manga Anantatmula,Republican,Virginia,11,Campaign,None,Personal,None,Official,None
Suzan DelBene,Democratic,Washington,1,Campaign,SuzanDelBene,Personal,None,Official,RepDelBene
Jeffrey Beeler,Republican,Washington,1,Campaign,Beeler4Congress,Personal,None,Official,None
Rick Larsen,Democratic,Washington,2,Campaign,larsenrick,Personal,None,Official,RepRickLarsen
Tim Hazelo,Republican,Washington,2,Missing,Missing,Missing,Missing,Missing,Missing
Jaime Herrera Beutler,Republican,Washington,3,Campaign,JaimeForUSRep,Personal,None,Official,herrerabeutler
Carolyn Long,Democratic,Washington,3,Campaign,ElectLong,Personal,None,Official,None
Dan Newhouse,Republican,Washington,4,Campaign,Newhouse4Rep,Personal,None,Official,repnewhouse
Douglas McKinley,Democratic,Washington,4,Missing,Missing,Missing,Missing,Missing,Missing
Cathy McMorris Rodgers,Republican,Washington,5,Campaign,teamcmr,Personal,None,Official,cathymcmorris
Dave Wilson,Democratic,Washington,5,Campaign,Elect_DaveW,Personal,None,Official,None
Derek Kilmer,Democratic,Washington,6,Campaign,DerekKilmer,Personal,None,Official,RepDerekKilmer
Elizabeth Kreiselmaier,Republican,Washington,6,Campaign,cleanupthehouse,Personal,None,Official,None
Pramila Jayapal,Democratic,Washington,7,Campaign,PramilaJayapal,Personal,None,Official,RepJayapal
Craig Keller,Republican,Washington,7,Campaign,None,Personal,None,Official,None
Kim Schrier,Democratic,Washington,8,Campaign,DrKimSchrier,Personal,None,Official,repkimschrier
Jesse Jensen,Republican,Washington,8,Campaign,JesseJensenWA,Personal,None,Official,None
Adam Smith,Democratic,Washington,9,Campaign,electadamsmith,Personal,None,Official,RepAdamSmith
Doug Basler,Republican,Washington,9,Campaign,dougbasler,Personal,None,Official,None
Marilyn Strickland,Democratic,Washington,10,Campaign,StricklandforWA,Personal,Mstrickland747,Official,RepStricklandWA
Beth Doglio,Democratic,Washington,10,Campaign,BethDoglio,Personal,None,Official,None
David McKinley,Republican,West Virginia,1,Campaign,McKinleyforWV,Personal,None,Official,RepMcKinley
Natalie Cline,Democratic,West Virginia,1,Campaign,NatalieClineWV,Personal,None,Official,None
Alex Mooney,Republican,West Virginia,2,Campaign,MooneyforWV,Personal,None,Official,RepAlexMooney
Cathy Kunkel,Democratic,West Virginia,2,Campaign,Kunkel4Congress,Personal,None,Official,None
Carol Miller,Republican,West Virginia,3,Campaign,CarolMillerWV,Personal,None,Official,RepCarolMiller
Hilary Turner,Democratic,West Virginia,3,Campaign,HilaryTurnerWV,Personal,None,Official,None
Bryan Steil,Republican,Wisconsin,1,Campaign,BryanSteil,Personal,None,Official,RepBryanSteil
Roger Polack,Democratic,Wisconsin,1,Campaign,RogerforWI,Personal,None,Official,None
Mark Pocan,Democratic,Wisconsin,2,Campaign,MarkPocan,Personal,None,Official,repmarkpocan
Peter Theron,Republican,Wisconsin,2,Campaign,petertheron,Personal,None,Official,None
Ron Kind,Democratic,Wisconsin,3,Campaign,KindforCongress,Personal,None,Official,RepRonKind
Derrick Van Orden,Republican,Wisconsin,3,Campaign,derrickvanorden,Personal,None,Official,None
Gwen Moore,Democratic,Wisconsin,4,Campaign,Gwen4Congress,Personal,None,Official,RepGwenMoore
Tim Rogers,Republican,Wisconsin,4,Campaign,RogersforCong,Personal,None,Official,None
Robert Raymond,Independent,Wisconsin,4,Campaign,None,Personal,None,Official,None
Scott L. Fitzgerald,Republican,Wisconsin,5,Missing,Missing,Missing,Missing,Missing,Missing
Tom Palzewicz,Democratic,Wisconsin,5,Campaign,tomforwi,Personal,tompalz,Official,None
Glenn Grothman,Republican,Wisconsin,6,Campaign,GrothmanforWI,Personal,None,Official,RepGrothman
Jessica King,Democratic,Wisconsin,6,Campaign,#!,Personal,None,Official,None
Tom Tiffany,Republican,Wisconsin,7,Campaign,TomTiffanyWI,Personal,None,Official,RepTiffany
Tricia Zunker,Democratic,Wisconsin,7,Campaign,TriciaforWI,Personal,None,Official,None
Mike Gallagher,Republican,Wisconsin,8,Campaign,MikeforWI,Personal,None,Official,RepGallagher
Amanda Stuck,Democratic,Wisconsin,8,Campaign,AmandaStuck8,Personal,None,Official,None
Liz Cheney,Republican,Wyoming,1,Campaign,Liz_Cheney,Personal,None,Official,RepLizCheney
Lynnette Grey Bull,Democratic,Wyoming,1,Campaign,GreyBull4WY,Personal,None,Official,None
Richard Brubaker,Libertarian,Wyoming,1,Campaign,None,Personal,None,Official,None
Jeff Haggit,Constitution,Wyoming,1,Campaign,Jeff36982230,Personal,None,Official,None
Amata Coleman Radewagen,Republican,American Samoa,1,Campaign,None,Personal,None,Official,repamata
Oreta Tufuga Mapu Crichton,Democratic,American Samoa,1,Missing,Missing,Missing,Missing,Missing,Missing
Meleagi Suitonu-Chapman,Democratic,American Samoa,1,Campaign,None,Personal,ladyofthereef,Official,None
Eleanor Holmes Norton,Democratic,District of Columbia,1,Campaign,None,Personal,None,Official,EleanorNorton
Patrick Hynes,Libertarian,District of Columbia,1,Campaign,None,Personal,None,Official,None
Barbara Washington Franklin,Independent,District of Columbia,1,Campaign,None,Personal,None,Official,None
Omari Musa,Socialist Workers,District of Columbia,1,Campaign,None,Personal,None,Official,None
Natale Lino Stracuzzi,DC Statehood Green,District of Columbia,1,Missing,Missing,Missing,Missing,Missing,Missing
Amir Lowery,Independent,District of Columbia,1,Campaign,princelowery,Personal,None,Official,None
David Krucoff,Independent,District of Columbia,1,Campaign,dkrucoff,Personal,None,Official,None
John Cheeks,Independent,District of Columbia,1,Campaign,None,Personal,None,Official,None
Michael San Nicolas,Democratic,Guam,1,Missing,Missing,Missing,Missing,Missing,Missing
Robert Underwood,Democratic,Guam,1,Campaign,None,Personal,None,Official,None
Gregorio Kilili Sablan,Independent,Northern Mariana Islands,1,Missing,Missing,Missing,Missing,Missing,Missing
Jenniffer González,Republican,Puerto Rico,1,Campaign,None,Personal,Jenniffer2012,Official,RepJenniffer
Aníbal Acevedo Vilá,Democratic,Puerto Rico,1,Campaign,anibalacevedo,Personal,None,Official,None
Zayira Jordán Conde,Citizen's Victory Movement,Puerto Rico,1,Campaign,drajordanconde,Personal,None,Official,None
Ada Norah Henriquez,Dignity Project,Puerto Rico,1,Campaign,AdaHenriquez1,Personal,None,Official,None
Luis Roberto Piñero,Puerto Rico Independence,Puerto Rico,1,Campaign,luisrobertoII,Personal,None,Official,None
Stacey Plaskett,Democratic,United States Virgin Islands,1,Campaign,None,Personal,None,Official,StaceyPlaskett
Shekema George,Independent,United States Virgin Islands,1,Campaign,None,Personal,None,Official,None
