id,name,winner,incumbent,party,district,username,date,message,lengthofmessage,retweets,replies,quotes,likes,hasphoto,numofphoto,hasgif,hasvideo,ReplyingTo,ReplyToID,mentionedusers,numofmentions,hashtags,numofhashtags
1323316603312836608,"Rosendale, Matt",True,False,R,MONTANA 0,MattForMontana,11/02/2020 17:30:38,"A vote for Matt Rosendale is a vote for:

üó≥Ô∏è Defending Our Second Amendment
üó≥Ô∏è Lower Taxes
üó≥Ô∏è Protecting Small Businesses

Hand deliver your ballot for Matt Rosendale for U.S. Congress before tomorrow at 8:00 PM! #mtal #mtpol https://t.co/uDlpxiB9cX",249,5,7,2,18,True,1,False,False,null,,null,0,"mtal,mtpol",2
1323006905074135041,"Rosendale, Matt",True,False,R,MONTANA 0,MattForMontana,11/01/2020 21:00:01,"Taylor S. of Big Sky: ‚ÄúCalifornia Kathleen will be a partisan pawn for Nancy Pelosi in her efforts to obstruct President Trump‚Äôs America first agenda and destroy our Montana way of life.‚Äù #mtal #mtpol
https://t.co/Nwc4j84ncP",224,5,12,2,8,False,0,False,False,null,,null,0,"mtal,mtpol",2
1322916309722681344,"Rosendale, Matt",True,False,R,MONTANA 0,MattForMontana,11/01/2020 15:00:01,"If elected as your next Rep in the House, I will always fight to defend our 2A rights, support our veterans &amp; service members &amp; lower taxes. Can I count on your vote?

If you haven‚Äôt already returned your ballot, hand deliver it in person to make sure your vote is counted! #mtal https://t.co/fB0yNZwLU2",311,8,12,0,20,True,1,False,False,null,,null,0,mtal,1
1322892625511329808,"Rosendale, Matt",True,False,R,MONTANA 0,MattForMontana,11/01/2020 13:25:54,"What a great event last night in Kalispell with @DonaldJTrumpJr, Senator @SteveDaines, @GregForMontana, and, to top it all off, the National Anthem performed by @TedNugent! https://t.co/cZjs85gTiZ",196,11,23,4,47,True,4,False,False,null,,"DonaldJTrumpJr,SteveDaines,GregForMontana,TedNugent",4,null,0
1322306526128779265,"Rosendale, Matt",True,False,R,MONTANA 0,MattForMontana,10/30/2020 22:36:57,"Let your friends, family, and neighbors know that you‚Äôre voting for pro-jobs, pro-guns, and pro-America candidate Matt Rosendale for U.S. Congress. RETWEET now! #mtal #mtpol https://t.co/GIAerBfPYx",197,11,4,2,17,True,1,False,False,null,,null,0,"mtal,mtpol",2
1321978083629506565,"Rosendale, Matt",True,False,R,MONTANA 0,MattForMontana,10/30/2020 00:51:50,"What a great day! I had the extraordinary pleasure of speaking with voters in Billings and Hamilton today alongside Senator @tedcruz, Senator @SteveDaines, Congressman @GregForMontana, and our great slate of Republican candidates! https://t.co/gKQjiadlN4",254,16,8,2,41,True,2,False,False,null,,"tedcruz,SteveDaines,GregForMontana",3,null,0
1321904639596400640,"Rosendale, Matt",True,False,R,MONTANA 0,MattForMontana,10/29/2020 20:00:00,"The New York Times poll has us four points ahead of my radical opponent Extreme Kathleen Williams. With just 5 days left until Election Day, we can‚Äôt lose our momentum now. Help keep us in the lead‚Äîpitch in any amount today! #mtal https://t.co/Rm4t83Zgng 
https://t.co/GECbnPH2Q6",279,6,10,0,18,False,0,False,False,null,,null,0,mtal,1
1321844241094467584,"Rosendale, Matt",True,False,R,MONTANA 0,MattForMontana,10/29/2020 16:00:00,"I have a proven track record of getting results for Montanans &amp; fighting to improve our econ. Unlike my opponent who voted against over $1B in tax relief for Montanans, I've been a strong supporter of lower taxes &amp; eliminating burdensome regs. And in Congress, I will do the same! https://t.co/1fiu7e35WO",312,8,3,0,10,True,1,False,False,null,,null,0,null,0
1321595099151650816,"Rosendale, Matt",True,False,R,MONTANA 0,MattForMontana,10/28/2020 23:30:00,"Make sure your vote is counted! Whether you mailed your ballot or dropped it off in person, you can check the status of your ballot at this site. If it hasn't been received or your signature was not a match, be sure to contact your local election office!
https://t.co/9CNNMVovOV",278,3,1,2,8,False,0,False,False,null,,null,0,null,0
1321578043912212486,"Rosendale, Matt",True,False,R,MONTANA 0,MattForMontana,10/28/2020 22:22:14,"Our first responders make daily sacrifices to protect our families and communities. Today, and every day, we show our gratitude for these dedicated heroes! #NationalFirstRespondersDay https://t.co/90XPVJ6oVw",207,2,2,1,5,True,1,False,False,null,,null,0,NationalFirstRespondersDay,1
1321543927162413059,"Rosendale, Matt",True,False,R,MONTANA 0,MattForMontana,10/28/2020 20:06:39,Extreme Kathleen Williams is ‚ÄúF‚Äù rated by the NRA. She will work with Nancy Pelosi to pass radical legislation in Congress that will strip Montanans of their guns and 2nd Amendment rights. We cannot let her buy Montana‚Äôs seat in Congress. #mtal #mtpol https://t.co/OY3Kcpbsla,275,7,8,1,9,True,1,False,False,null,,null,0,"mtal,mtpol",2
1321499980444569600,"Rosendale, Matt",True,False,R,MONTANA 0,MattForMontana,10/28/2020 17:12:02,"‚Äú@marcorubio also encouraged people to vote for Matt Rosendale, who is running for Congress against Democrat Kathleen Williams.

‚ÄòEverything we do dies over there,‚Äô he said, referencing the U.S. House, which has a Democratic majority.‚Äù #mtal #mtpol
https://t.co/TsoAwtfmJN",272,2,5,1,8,False,0,False,False,null,,marcorubio,1,"mtal,mtpol",2
1321258900616740864,"Rosendale, Matt",True,False,R,MONTANA 0,MattForMontana,10/28/2020 01:14:04,"What a great event this afternoon with @SteveDaines and @marcorubio in Great Falls! If you haven‚Äôt already, make sure you return your ballot so your voice can be heard! We need to keep the Senate in Republican hands and kick the liberal extremists out of the House! #mtal #mtpol https://t.co/7OxijyDkQA",302,8,8,0,29,True,3,False,False,null,,"SteveDaines,marcorubio",2,"mtal,mtpol",2
1321215710505422849,"Rosendale, Matt",True,False,R,MONTANA 0,MattForMontana,10/27/2020 22:22:27,"Dr. Carol Bridges: ‚ÄúBy authorizing Direct Primary Care, Matt Rosendale has protected the relationship between me and my patients. Matt Rosendale is a champion for healthcare access and affordability.‚Äù #mtal #mtpol https://t.co/UlZbpvpRmF",237,9,0,1,12,False,0,False,True,null,,null,0,"mtal,mtpol",2
1321164763208904705,"Rosendale, Matt",True,False,R,MONTANA 0,MattForMontana,10/27/2020 19:00:00,"We are just one week away from Election Day! Make sure to hand-deliver your ballot before Election Day! #mtal #mtpol

https://t.co/cXfR4yiWd5 https://t.co/US3kDuhXvf",165,5,3,0,8,True,1,False,False,null,,null,0,"mtal,mtpol",2
1321127014288347137,"Rosendale, Matt",True,False,R,MONTANA 0,MattForMontana,10/27/2020 16:30:00,"Congratulations to Justice Amy Coney Barrett on her confirmation to the United States Supreme Court! This is a great win for the American people and the future of our nation. 
https://t.co/gbftbjNkOf",199,1,4,0,10,False,0,False,False,null,,null,0,null,0
1321098701079805952,"Rosendale, Matt",True,False,R,MONTANA 0,MattForMontana,10/27/2020 14:37:29,"Join Senator @marcorubio, @DainesforMT, and me in Great Falls today at 3:30 for a rally to get out the vote! Let‚Äôs keep Montana red! #mtal #mtpol 
https://t.co/ECPpy5E3fE",170,6,6,2,23,False,0,False,False,null,,"marcorubio,DainesforMT",2,"mtal,mtpol",2
1320862777204969473,"Rosendale, Matt",True,False,R,MONTANA 0,MattForMontana,10/26/2020 23:00:01,"State Sen. Mike Cuffe, Eureka: ‚ÄúVote Matt Rosendale for Congress. He is a strong fiscal conservative w/ MT values &amp; a proven record of statewide public service. The difference between him &amp; his opponent is vast‚Äîcheck out her voting record on 2A issues.‚Äù
https://t.co/bfuBgBlpld",285,1,3,0,7,False,0,False,False,null,,null,0,null,0
1320775407151517697,"Rosendale, Matt",True,False,R,MONTANA 0,MattForMontana,10/26/2020 17:12:50,"A msg from @DonaldTrumpJr: Matt is the proven conservative leader that MT‚Äî&amp; our country‚Äîneeds. We can‚Äôt remove Nancy Pelosi from power without a strong victory in Montana. I'm asking you to pitch in $5, $25 or more today to help us send Matt to Washington! https://t.co/JaDCP4Ib7N https://t.co/kOBs0sRDwk",308,3,5,1,6,True,1,False,False,null,,donaldtrumpjr,1,null,0
1320223893261529088,"Rosendale, Matt",True,False,R,MONTANA 0,MattForMontana,10/25/2020 04:41:19,"Please join me in welcoming home the brave men and women of the Montana National Guard! We are forever grateful to our soldiers and their families for the sacrifices they have made to protect our great American freedoms. 
https://t.co/IVGJHdzI4l",245,2,1,1,16,False,0,False,False,null,,null,0,null,0
1320032311333638145,"Rosendale, Matt",True,False,R,MONTANA 0,MattForMontana,10/24/2020 16:00:02,"Matt Rosendale is pro-jobs, pro-guns, and pro-America. Can he count on your vote? Be sure to mail in your absentee ballot before Election Day! #mtal #mtpol https://t.co/Vh3YlpsKew",179,4,9,0,12,True,1,False,False,null,,null,0,"mtal,mtpol",2
1319778869625442309,"Rosendale, Matt",True,False,R,MONTANA 0,MattForMontana,10/23/2020 23:12:57,"I've successfully lowered insurance costs, protected coverage for those with pre-existing conditions &amp; opened up over 45,000 acres of public land. And if elected, I look forward to continuing to work hard for our state as Montana‚Äôs lone voice in the House. https://t.co/nP3ERiO8RB",284,4,1,1,10,False,0,False,False,null,,null,0,null,0
1319739950456254466,"Rosendale, Matt",True,False,R,MONTANA 0,MattForMontana,10/23/2020 20:38:18,"‚ÄúAs our State Auditor, Rosendale has worked tenaciously to reform healthcare by expanding access &amp; reducing costs. Additionally, he is committed to continuing to fix VA issues and properly fund Law Enforcement.‚Äù #mtal #mtpol
https://t.co/o2x20IKOKR",252,5,2,0,6,False,0,False,False,null,,null,0,"mtal,mtpol",2
1319398127611203584,"Rosendale, Matt",True,False,R,MONTANA 0,MattForMontana,10/22/2020 22:00:01,"‚ÄúRosendale has decreased healthcare costs and increased access to care for Montanans, and he will do the same thing in Congress. I urge every Montanan to join me in voting for Matt Rosendale.‚Äù - Rep. Theresa Manzella #mtal #mtpol
https://t.co/M4OSRRRrVp",253,3,3,1,5,False,0,False,False,null,,null,0,"mtal,mtpol",2
1319355588984344576,"Rosendale, Matt",True,False,R,MONTANA 0,MattForMontana,10/22/2020 19:10:59,"Extreme Kathleen Williams voted against over $1B in tax relief, voted to increase taxes &amp; advocated for the repeal of the the Tax Cuts &amp; Jobs Act, which would result in a $2,200 tax increase for Montana families. Montana cannot afford Kathleen Williams in Congress. #mtal #mtpol https://t.co/9ucTEqzlLK",310,4,4,3,6,True,1,False,False,null,,null,0,"mtal,mtpol",2
1319005535308398593,"Rosendale, Matt",True,False,R,MONTANA 0,MattForMontana,10/21/2020 20:00:00,I am proud to have received the endorsement of the @billingsgazette and I thank their Editorial Board for their trust in my experience and vision for Montana‚Äôs future! #mtal #mtpol https://t.co/lw1u91ldFT,204,10,2,1,21,True,1,False,False,null,,billingsgazette,1,"mtal,mtpol",2
1318952041121710081,"Rosendale, Matt",True,False,R,MONTANA 0,MattForMontana,10/21/2020 16:27:26,"Thank you @DonaldJTrumpJr for your support! Together, we will see victories for Republicans across the country this November. Join the fight and pitch in anything you can today! https://t.co/JaDCP4Ib7N https://t.co/lADavkdBal",225,7,17,3,17,False,0,False,True,null,,DonaldJTrumpJr,1,null,0
1318718648828219393,"Rosendale, Matt",True,False,R,MONTANA 0,MattForMontana,10/21/2020 01:00:01,Thank you to the @MTAGC for inviting me to attend the ‚ÄúMCA In Your Town‚Äù event with your members in Missoula yesterday! It was a pleasure to discuss the important issues facing our state with you! #mtal #mtpol https://t.co/a9nAoLPjyi,233,9,3,0,14,True,2,False,False,null,,MTAGC,1,"mtal,mtpol",2
1318682642607386624,"Rosendale, Matt",True,False,R,MONTANA 0,MattForMontana,10/20/2020 22:36:56,"Adam Gilbertson, @MontanaRetail: ‚ÄúMatt has a long record of service to the State of Montana. In Congress, Montana needs a leader who can represent the entire state &amp; Matt has shown through his leadership &amp; track record that he is the best candidate in the race to do that.‚Äù #mtal https://t.co/ArX8SqQIUZ",311,5,1,0,9,True,1,False,False,null,,MontanaRetail,1,mtal,1
1318658754875936769,"Rosendale, Matt",True,False,R,MONTANA 0,MattForMontana,10/20/2020 21:02:01,"I have a strong record of expanding access to quality, affordable healthcare for all, and I look forward to continuing that work in Congress! #mtal #mtpol https://t.co/wRzShEKwXZ",178,3,0,0,5,False,0,False,True,null,,null,0,"mtal,mtpol",2
1318612911963648000,"Rosendale, Matt",True,False,R,MONTANA 0,MattForMontana,10/20/2020 17:59:51,"Olivia M: ‚ÄúIn Congress, Matt will fight to protect our MT way of life, while Kathleen Williams will align with far-left Democrats who seek to destroy it. I ask every Montanan to join me in supporting Rosendale for Congress.‚Äù

Get out to vote by Nov 3rd!
https://t.co/3RTwDFOdwy",277,5,0,0,9,False,0,False,False,null,,null,0,null,0
1318326062699327488,"Rosendale, Matt",True,False,R,MONTANA 0,MattForMontana,10/19/2020 23:00:01,"Great to welcome @NikkiHaley to Montana to help turn out voters in this important election! Let‚Äôs do this, #TeamRosendale! #mtpol
https://t.co/p6hCN5kVRW",153,73,39,3,620,False,0,False,False,null,,NikkiHaley,1,"TeamRosendale,mtpol",2
1318280762710499331,"Rosendale, Matt",True,False,R,MONTANA 0,MattForMontana,10/19/2020 20:00:00,"I am honored to have the endorsement and trust of Montana‚Äôs small business community! In Congress, I will fight for deregulation and less government interference to help our small businesses thrive. #mtpol #mtal Read more &gt;&gt; https://t.co/wb4arLF9VS https://t.co/q3lRYGQk7U",278,5,1,1,8,True,1,False,False,null,,null,0,"mtpol,mtal",2
1317918372529668097,"Rosendale, Matt",True,False,R,MONTANA 0,MattForMontana,10/18/2020 20:00:00,"My opponent Extreme Kathleen is beholden to the anti-2A radicals who are calling for government-run healthcare, defunding the police, &amp; packing SCOTUS w/ liberal judges. She has made it clear that she will vote w/ Nancy Pelosi &amp; support Biden‚Äôs radical tax increases. #mtal #mtpol https://t.co/MYYlpnn9Ox",312,6,15,4,13,True,1,False,False,null,,null,0,"mtal,mtpol",2
1317857976372264961,"Rosendale, Matt",True,False,R,MONTANA 0,MattForMontana,10/18/2020 16:00:00,"‚ÄúFrom scamming her own donors to wanting to use your tax dollars to fund her political aspirations to accepting money from the very dark money groups she decries, it's clear Extreme Kathleen isn‚Äôt independent‚Äîshe‚Äôs just another self-serving politician.‚Äù
https://t.co/n6NondAXwi",277,3,16,2,10,False,0,False,False,null,,null,0,null,0
1317528426358673408,"Rosendale, Matt",True,False,R,MONTANA 0,MattForMontana,10/17/2020 18:10:29,"‚ÄúAs our lone Representative, Matt will use his strong business background to reignite the economy, defend our Second Amendment heritage, and be an independent voice that serves the best interest of all Montanans.‚Äù - Don Kaltschmidt, Chairman of the @MTGOP
https://t.co/CUHzCl26Fr",279,4,3,0,6,False,0,False,False,null,,MTGOP,1,null,0
1317253994025082880,"Rosendale, Matt",True,False,R,MONTANA 0,MattForMontana,10/17/2020 00:00:00,"From lowering healthcare costs to protecting pre-existing conditions and advocating for pro-business policies in the MT State Legislature, I have shown I can facilitate bipartisan results &amp; I will do the same in Congress!

Read more &gt;&gt;
https://t.co/WQXpg4PRWF",269,5,3,0,7,False,0,False,False,null,,null,0,null,0
1317223799775989762,"Rosendale, Matt",True,False,R,MONTANA 0,MattForMontana,10/16/2020 22:00:01,"Many elected officials across our country are bending to the will of extremists who are calling to defund our law enforcement. We must defend our police, not defund them. I will always support our LEOs who put their lives on the line every day to keep our communities safe! #mtpol https://t.co/8oUwPbimNB",304,4,7,1,13,True,1,False,False,null,,null,0,mtpol,1
1317167843964760066,"Rosendale, Matt",True,False,R,MONTANA 0,MattForMontana,10/16/2020 18:17:40,"‚ÄúI am proud to support Rosendale, and I urge every Montana veteran, active-duty service member, and all those who care for them to join me in voting for Matt Rosendale as Montana's next representative in Congress.‚Äù - Lt. Col. Tracy Sharp #mtal #mtpal
https://t.co/gjxjZvIej8",274,3,11,1,8,False,0,False,False,null,,null,0,"mtal,mtpal",2
1316906713304367106,"Rosendale, Matt",True,False,R,MONTANA 0,MattForMontana,10/16/2020 01:00:02,"Our Second Amendment rights are non-negotiable. While my opponent, Extreme Kathleen Williams, is ‚ÄúF‚Äù rated by the NRA, I am a proud gun owner, hunter, and I‚Äôm ‚ÄúA‚Äù rated and endorsed by the NRA. I will always defend our right to keep and bear arms! #mtal #mtpol https://t.co/b62IyqP60C",284,5,8,0,11,True,1,False,False,null,,null,0,"mtal,mtpol",2
1316846311577210881,"Rosendale, Matt",True,False,R,MONTANA 0,MattForMontana,10/15/2020 21:00:01,"Rep. Becky Beard, Elliston: ‚ÄúRated ‚ÄúA‚Äù by the NRA, Matt Rosendale strongly supports law enforcement. He always supports our veterans and service members, and he fights to make sure they get the care and recognition they deserve.‚Äù #mtal #mtpol
https://t.co/SLQh9a2Evn",266,2,0,0,6,False,0,False,False,null,,null,0,"mtal,mtpol",2
1316737729531703298,"Rosendale, Matt",True,False,R,MONTANA 0,MattForMontana,10/15/2020 13:48:33,"Janelle D, Helena: Rosendale knew this was good for MT &amp; he pressed on to care for his constituents &amp; their needs despite 2 vetoes from Bullock. He garnered bipartisan support for a good program &amp; encouraged everyone to keep working until the job was done.
https://t.co/3JDpQRcTFD",292,1,4,0,4,False,0,False,False,null,,null,0,null,0
1316538777683324928,"Rosendale, Matt",True,False,R,MONTANA 0,MattForMontana,10/15/2020 00:37:59,"Listen to our call with @realdonaldtrump now and SHARE with your family &amp; friends! #mtal #mtpol
https://t.co/1LSdYgJr9W",123,6,0,2,12,False,0,False,False,MattForMontana,1316538776546611202,realDonaldTrump,1,"mtal,mtpol",2
1316538776546611202,"Rosendale, Matt",True,False,R,MONTANA 0,MattForMontana,10/15/2020 00:37:59,"I had a great call with @realdonaldtrump, @DainesforMT &amp; people across MT this afternoon! President Trump is right‚Äîwe can‚Äôt allow radical activist Extreme Kathleen &amp; Nancy Pelosi to dictate the future of MT &amp; our nation. Help us defeat them today! https://t.co/8O6ZFEInC0",283,90,24,1,416,False,0,False,False,null,,"realDonaldTrump,DainesforMT",2,null,0
1316456512844427271,"Rosendale, Matt",True,False,R,MONTANA 0,MattForMontana,10/14/2020 19:11:05,"Always great to join @AaronFlint on Montana Talks! This morning, we discussed the state of the race and the many important issues facing Montanans! #mtal #mtpol https://t.co/OTxzC3A5c5",184,5,4,0,20,True,2,False,False,null,,aaronflint,1,"mtal,mtpol",2
1316408429368360960,"Rosendale, Matt",True,False,R,MONTANA 0,MattForMontana,10/14/2020 16:00:01,"‚ÄúExtreme Kathleen‚Äôs openness to going along with Democrat party bosses Nancy Pelosi and Chuck Schumer to pack the Supreme Court would destroy our 2nd Amendment rights, our freedom of religion, the rule of law, and our Montana way of life.‚Äù #mtal #mtpol
https://t.co/UkNxqFTDfe",276,3,20,3,6,False,0,False,False,null,,null,0,"mtal,mtpol",2
1315819542434717696,"Rosendale, Matt",True,False,R,MONTANA 0,MattForMontana,10/13/2020 01:00:00,"I am proud to have the support of the @MTFarmBureau Federation, and I will always stand with our farmers and ranchers in Congress! #mtal #mtpol https://t.co/FkO1XfFOUA",167,5,2,1,11,True,1,False,False,null,,MTFarmBureau,1,"mtal,mtpol",2
1315767079472107522,"Rosendale, Matt",True,False,R,MONTANA 0,MattForMontana,10/12/2020 21:31:32,"Official ballots have been mailed out, so be sure to keep an eye on your mailbox! It has been great to see the energy across the state for Republican candidates up and down the ballot, and together, we will keep Montana red. #mtal #mtpol https://t.co/673zRwxwEg",261,8,2,1,14,True,1,False,False,null,,null,0,"mtal,mtpol",2
1315721142062247939,"Rosendale, Matt",True,False,R,MONTANA 0,MattForMontana,10/12/2020 18:28:59,"Unlike previous Administrations, @realDonaldTrump pays attention to the great things happening here in Montana. It was an honor to meet the nation's Secretary of Energy as he paid a visit to Colstrip. #mtal #mtpol
https://t.co/FKI7VJkoeB",237,2,4,1,10,False,0,False,False,null,,realDonaldTrump,1,"mtal,mtpol",2
1315098451508523009,"Rosendale, Matt",True,False,R,MONTANA 0,MattForMontana,10/11/2020 01:14:38,Great to spend the evening in Hamilton with a group of patriots at the Ravalli Republican Roundup. Together we will paint Montana red! #mtal #mtpol https://t.co/2vex8xvtWs,171,6,2,0,17,True,1,False,False,null,,null,0,"mtal,mtpol",2
1314711409754738689,"Rosendale, Matt",True,False,R,MONTANA 0,MattForMontana,10/09/2020 23:36:40,"Great to finish the day with a get out the vote rally in Dillon. Ballots went out today, make sure to get your friends, family and neighbors to vote! #mtal #mtpol https://t.co/6LWxsKtcJT",186,6,2,0,17,True,2,False,False,null,,null,0,"mtal,mtpol",2
1314655014741135361,"Rosendale, Matt",True,False,R,MONTANA 0,MattForMontana,10/09/2020 19:52:35,"Great to be in Butte, America reminding folks to get out and vote. There is so much at stake this election, make sure your voice is heard! #mtal #mtpol https://t.co/3bhz1gr0p4",175,2,5,0,8,True,2,False,False,null,,null,0,"mtal,mtpol",2
1314602540474957824,"Rosendale, Matt",True,False,R,MONTANA 0,MattForMontana,10/09/2020 16:24:04,Great to be in Helena rallying to get out the vote! People are energized and ready to elect Republicans up and down the ballot! https://t.co/yNXI4dZa4d,151,5,5,0,10,True,1,False,False,null,,null,0,null,0
1314354896817336321,"Rosendale, Matt",True,False,R,MONTANA 0,MattForMontana,10/09/2020 00:00:01,"‚ÄúRosendale is the conservative leader Montana needs to reignite our economy and he has an economic recovery plan that will do just that. As an accomplished businessman, we can trust Rosendale to create jobs and ensure Montana businesses can thrive.‚Äù #mtal
https://t.co/9Yq31OEKqt",279,3,10,0,13,False,0,False,False,null,,null,0,mtal,1
1314325674199523329,"Rosendale, Matt",True,False,R,MONTANA 0,MattForMontana,10/08/2020 22:03:54,"""Kathleen Williams boasts that one of her top priorities is ‚Äòfixing our broken healthcare system.‚Äô While it's true that healthcare reform is critical, Williams‚Äô support for a Sanders-style gov-run system would have a detrimental effect."" #mtal #mtpol
https://t.co/EOVIOb9O0h",274,3,8,1,5,False,0,False,False,null,,null,0,"mtal,mtpol",2
1314000054944886786,"Rosendale, Matt",True,False,R,MONTANA 0,MattForMontana,10/08/2020 00:30:00,"It was my pleasure to join the Montana Electric Cooperatives‚Äô Association for their 59th annual membership meeting. MECA represents consumer-owned electric distribution cooperatives serving more than 400,000 Montanans. #mtal https://t.co/NFFIPYY8AQ",248,2,0,0,7,True,1,False,False,null,,null,0,mtal,1
1313969855771615232,"Rosendale, Matt",True,False,R,MONTANA 0,MattForMontana,10/07/2020 22:30:00,"Retired Chief U.S. Probation Officer Jimmy Patelis: ‚ÄúMatt acknowledges we need to be providing our law enforcement officers with more resources and more training, not cut to their budgets ‚Äì and he has the courage to say he backs the blue.‚Äù #mtal #mtpol
https://t.co/IB15UUwPWG",276,4,0,0,9,False,0,False,False,null,,null,0,"mtal,mtpol",2
1313951918289571848,"Rosendale, Matt",True,False,R,MONTANA 0,MattForMontana,10/07/2020 21:18:44,"I am humbled to have the endorsement of both the Montana Farm Bureau Federation and the Montana Stockgrowers Association. Montana‚Äôs farmers and ranchers are the backbone of our state, and I will always stand with them in Congress! #mtal #mtpol https://t.co/4JQ5zgIaz0",267,6,4,1,10,False,0,False,True,null,,null,0,"mtal,mtpol",2
1313628937872908290,"Rosendale, Matt",True,False,R,MONTANA 0,MattForMontana,10/06/2020 23:55:19,"Nancy Pelosi needs Montana‚Äôs Congressional seat to stay in power and she's pouring millions of dollars into Montana to elect Pelosi-puppet Extreme Kathleen Williams. To stop Pelosi‚Äôs agenda of gun confiscation &amp; defunding the police, we must stop Extreme Kathleen. #mtal #mtpol https://t.co/fm3UsMbX8n",305,40,17,3,73,False,0,False,True,null,,null,0,"mtal,mtpol",2
1313554586624495621,"Rosendale, Matt",True,False,R,MONTANA 0,MattForMontana,10/06/2020 18:59:52,Thank you to the @MTStockgrowers &amp; its members for their endorsement. Montana‚Äôs agriculture community is the backbone of our state‚Äîand our nation. I will always stand for the many families whose livelihoods depend on livestock production. #mtal #mtpol https://t.co/UqYVCIYASP,279,9,4,3,11,True,1,False,False,null,,MTStockgrowers,1,"mtal,mtpol",2
1313252632023232512,"Rosendale, Matt",True,False,R,MONTANA 0,MattForMontana,10/05/2020 23:00:01,"Had a great time chatting with the folks in Eureka! In Congress, I will always listen to my constituents and work on the issues that matter most to Montanans. #mtal #mtpol https://t.co/B6AgNLGzQh",195,5,2,0,12,True,2,False,False,null,,null,0,"mtal,mtpol",2
1313150482848903172,"Rosendale, Matt",True,False,R,MONTANA 0,MattForMontana,10/05/2020 16:14:06,".@DonaldJTrumpJr: ‚ÄúMontana is a major battleground this election cycle in the House, and my friend Matt Rosendale is in the trenches working to keep Montana‚Äôs lone Congressional seat in Republican hands. Help support his campaign today!‚Äù https://t.co/JaDCP4Ib7N https://t.co/jWVPmcCqqy",285,7,12,2,15,False,0,False,True,null,,DonaldJTrumpJr,1,null,0
1312455816230838273,"Rosendale, Matt",True,False,R,MONTANA 0,MattForMontana,10/03/2020 18:13:45,"Rep. Beard of Elliston, MT: ‚ÄúMatt‚Äôs focus continues to be increasing efficiency, ending price gouging &amp; cutting costs. He supports lower taxes &amp; getting Montanans back to work. We need that track record in Washington.‚Äù #mtal #mtpol
https://t.co/SLQh99L36N",263,4,0,1,11,False,0,False,False,null,,null,0,"mtal,mtpol",2
1312023375464857600,"Rosendale, Matt",True,False,R,MONTANA 0,MattForMontana,10/02/2020 13:35:23,Jean and I are sending our thoughts and prayers to the First Family after hearing POTUS and FLOTUS have tested positive for COVID-19. We wish the President and the First Lady a quick recovery. https://t.co/Lt4yiIlCAi,216,10,3,0,24,False,0,False,False,null,,null,0,null,0
1311756584461238272,"Rosendale, Matt",True,False,R,MONTANA 0,MattForMontana,10/01/2020 19:55:15,"I am proud to have supported this agreement on the Land Board to increase public access to the Crazy Mountains. Our public lands belong to all Montanans &amp; in Congress I look forward to continuing to support public access to public lands. #mtal #mtpol
https://t.co/WYMXlRom84",278,5,9,0,7,False,0,False,False,null,,null,0,"mtal,mtpol",2
1311319899973840901,"Rosendale, Matt",True,False,R,MONTANA 0,MattForMontana,09/30/2020 15:00:01,"Tonight‚Äôs End-Of-Quarter deadline is the last big fundraising deadline before Election Day, and we need contributions from supporters like you to show the Democrats just how strong our momentum is.

Can I count on you to pitch in before the deadline? https://t.co/3eqnzOlyse https://t.co/CnSOQEwNTo",298,4,4,1,8,True,1,False,False,null,,null,0,null,0
1311102993304104965,"Rosendale, Matt",True,False,R,MONTANA 0,MattForMontana,09/30/2020 00:38:07,Montanans do not want a representative in Congress ‚Äì like Extreme Kathleen ‚Äì who will fall in line with Democrat party bosses to force their liberal California agenda on Montanans. #mtal #mtpol,193,3,4,0,6,False,0,False,False,MattForMontana,1311102991924113408,null,0,"mtal,mtpol",2
1311102991924113408,"Rosendale, Matt",True,False,R,MONTANA 0,MattForMontana,09/30/2020 00:38:07,"It is clear, Extreme Kathleen's willingness to entertain the Pelosi-Schumer Democrat power grab to pack the Supreme Court with extreme far-left activist justices puts the rule of law, religious liberty, and 2nd Amendment rights of every Montanan in jeopardy. #mtal #mtpol https://t.co/yG3H82wAKa",295,5,3,0,9,False,0,False,True,null,,null,0,"mtal,mtpol",2
1310968789631209472,"Rosendale, Matt",True,False,R,MONTANA 0,MattForMontana,09/29/2020 15:44:50,"Dr. Carol Bridges and Lesley Von Eschen, PA-C: ‚ÄúA lot of politicians talk about increasing access to care and cutting healthcare costs ‚Äî Matt Rosendale has actually done something about it.‚Äù #mtal #mtpol
https://t.co/TETKq7B812",227,8,5,1,9,False,0,False,False,null,,null,0,"mtal,mtpol",2
1310680645916647425,"Rosendale, Matt",True,False,R,MONTANA 0,MattForMontana,09/28/2020 20:39:51,"The difference between myself &amp; my opponent couldn‚Äôt be more clear. Unlike Extreme Kathleen, I will work to defend our 2nd Amendment rights, get our econ moving again &amp; cut taxes. I keep my word &amp; will work to get results for the people of MT! #mtal #mtpol
https://t.co/WnaGHkhXo3",292,4,6,1,10,False,0,False,False,null,,null,0,"mtal,mtpol",2
1310036436373172225,"Rosendale, Matt",True,False,R,MONTANA 0,MattForMontana,09/27/2020 02:00:00,"Today is #NationalPublicLandsDay and in Montana we are blessed w/ some of the world‚Äôs most pristine and unique landscapes. In Congress, you can count on me to be a steadfast advocate for the protection of our public lands and the expansion of public access. #mtal #mtpol https://t.co/TOMzsibWHg",294,9,10,0,12,True,1,False,False,null,,null,0,"NationalPublicLandsDay,mtal,mtpol",3
1310013078118031362,"Rosendale, Matt",True,False,R,MONTANA 0,MattForMontana,09/27/2020 00:27:11,"Be sure to tune in on Facebook, or online at https://t.co/i3LMZmAE7N for the debate between Matt Rosendale, and Extreme Kathleen Williams! #mtal #mtpol",151,2,2,0,5,False,0,False,False,null,,null,0,"mtal,mtpol",2
1309935209132023808,"Rosendale, Matt",True,False,R,MONTANA 0,MattForMontana,09/26/2020 19:17:45,"On Wednesday, Montana voters saw the clear difference between Matt &amp; his extreme opponent. Tune in to the Montana Television Network at 6PM tonight for another opportunity to see all that sets Matt apart from the left-wing, anti-gun, anti-business Extreme Kathleen Williams. #mtal https://t.co/s0xxss5Rfd",308,2,3,0,9,True,1,False,False,null,,null,0,mtal,1
1309583451146911748,"Rosendale, Matt",True,False,R,MONTANA 0,MattForMontana,09/25/2020 20:00:00,"Rep. David Dunn, R-Kalispell: ‚ÄúIn the race for Congress, the choice is clear: Matt Rosendale is the only candidate in this race who has a proven track record of fighting for Montana values. I urge everyone to support Matt for Congress.‚Äù #mtal #mtpol
https://t.co/2Pghyln7A5",273,3,3,0,8,False,0,False,False,null,,null,0,"mtal,mtpol",2
1309523061163524098,"Rosendale, Matt",True,False,R,MONTANA 0,MattForMontana,09/25/2020 16:00:02,"A msg from @DonaldJTrumpJr: We cannot let the radical Dems control the House for another 2 yrs. That‚Äôs why @realDonaldTrump &amp; I are supporting Matt Rosendale in his race for the #mtal seat. And, today, I am asking you to join his team &amp; help us to victory this Nov! #TeamRosendale https://t.co/jQ1DJaI3Jw",312,320,140,12,1434,True,1,False,False,null,,"DonaldJTrumpJr,realDonaldTrump",2,"mtal,TeamRosendale",2
1309304110382899200,"Rosendale, Matt",True,False,R,MONTANA 0,MattForMontana,09/25/2020 01:30:00,"Some of my fondest memories are of taking my sons hunting when they were boys. Hunting is a large part of our heritage here in Montana, and I pledge to always fight to protect our public lands and our 2nd Amendment rights! #tbt #mtal #mtpol https://t.co/9YjLpdpCrx",264,0,10,2,17,True,1,False,False,null,,null,0,"tbt,mtal,mtpol",3
1309290952536846337,"Rosendale, Matt",True,False,R,MONTANA 0,MattForMontana,09/25/2020 00:37:43,"The contrast between my opponent &amp; I is clear‚Äîmy left-wing opponent has made it clear that she will take away our 2nd Amendment rights, raise taxes on families across our state, and wants YOUR taxpayer dollars to fund her political campaigns. #mtal #mtpol
https://t.co/bcXDNdOLzk",283,4,15,4,12,False,0,False,False,null,,null,0,"mtal,mtpol",2
1308954810666819585,"Rosendale, Matt",True,False,R,MONTANA 0,MattForMontana,09/24/2020 02:22:00,Montana is the last best place‚Äîand we need a representative in Congress who is going to fight to keep it that way. https://t.co/E918TS9mIC,138,11,25,1,38,False,0,False,True,null,,null,0,null,0
1308934857721106432,"Rosendale, Matt",True,False,R,MONTANA 0,MattForMontana,09/24/2020 01:02:43,"Join us now for the first General Election debate between myself and my opponent. Tune in live on the Montana PBS channel, simulcast on Montana Public Radio, Yellowstone Public Radio, online at https://t.co/K7lv522a0y, and on the MT PBS Facebook page. #mtal #mtpol https://t.co/o5kYIx0BQG",288,2,2,1,5,True,1,False,False,null,,null,0,"mtal,mtpol",2
1308837005204348928,"Rosendale, Matt",True,False,R,MONTANA 0,MattForMontana,09/23/2020 18:33:53,"Montana is home to more veterans per capita than nearly any other state, and I pledge to always stand up for Montana‚Äôs veterans! #mtal #mtpol https://t.co/Xz0XthMaQY",165,2,5,0,11,False,0,False,True,null,,null,0,"mtal,mtpol",2
1308594893284147200,"Rosendale, Matt",True,False,R,MONTANA 0,MattForMontana,09/23/2020 02:31:49,"We must work to address the crisis of missing and murdered indigenous women in our state. Savanna‚Äôs Act will allow for increased coordination and info sharing among law enforcement agencies and is an important step to putting an end to this tragic issue.
https://t.co/8oErui8ons",278,5,5,0,12,False,0,False,False,null,,null,0,null,0
1308557099161526272,"Rosendale, Matt",True,False,R,MONTANA 0,MattForMontana,09/23/2020 00:01:38,"My promise to each and every Montanan is that I will never stop fighting to expand access to high quality, affordable healthcare‚Äîand I will always protect those with pre-existing conditions. #mtal #mtpol",203,5,17,4,9,False,0,False,False,MattForMontana,1308557097555107840,null,0,"mtal,mtpol",2
1308557097555107840,"Rosendale, Matt",True,False,R,MONTANA 0,MattForMontana,09/23/2020 00:01:38,"When my sister was 17 years old, she lost her battle to cancer. I‚Äôm all too familiar with the impact an unexpected disease can have on people‚Äôs lives. That‚Äôs why I have always fought to protect those with pre-existing conditions. #mtal #mtpol https://t.co/3Rc8IsHoZe",266,10,16,2,16,False,0,False,True,null,,null,0,"mtal,mtpol",2
1308178536813953026,"Rosendale, Matt",True,False,R,MONTANA 0,MattForMontana,09/21/2020 22:57:22,"It was great to see the enthusiasm last week in Belgrade! Join our team today! I will fight for Montana values in Congress and support President Trump and Vice President Pence! #TeamRosendale #mtal #mtpol
https://t.co/aiEhLtuEpa",228,20,4,0,33,False,0,False,False,null,,null,0,"TeamRosendale,mtal,mtpol",3
1307144324006641666,"Rosendale, Matt",True,False,R,MONTANA 0,MattForMontana,09/19/2020 02:27:47,"Justice Ginsburg lived a historic life, breaking barriers and inspiring women across our country. Jean and I send our prayers and condolences to Justice Ginsburg's family and loved ones as they mourn her passing.",212,5,3,0,21,False,0,False,False,null,,null,0,null,0
1307076687163781121,"Rosendale, Matt",True,False,R,MONTANA 0,MattForMontana,09/18/2020 21:59:01,"While Extreme Kathleen Williams is trying to mislead Montanans by claiming she‚Äôs a moderate, her record shows that couldn‚Äôt be further from the truth. A radical San Francisco liberal who backs gun control, Kathleen Williams is too extreme for Montana. #mtpol #mtal https://t.co/7qaNhJxvhF",288,10,8,1,12,False,0,False,True,null,,null,0,"mtpol,mtal",2
1306712946295427072,"Rosendale, Matt",True,False,R,MONTANA 0,MattForMontana,09/17/2020 21:53:38,"What a great event, and what an honor to have the @VP of the United States visit Montana. I am so proud to stand with President Trump and Vice President Pence as they work to lead the great American comeback!
https://t.co/fGkL3siZ5b",232,4,3,0,9,False,0,False,False,null,,VP,1,null,0
1306421456469884929,"Rosendale, Matt",True,False,R,MONTANA 0,MattForMontana,09/17/2020 02:35:22,"The production line of Harrington Bottle Company is amazing‚Äîthanks for showing me the ropes! This family-owned business was started in 1943, employs hundreds of Montanans, and produces bottled drinks that are distributed across Montana, Idaho, and Utah! #MontanaProud #mtal #mtpol https://t.co/NH4XPBRsvq",304,4,5,0,21,False,0,False,True,null,,null,0,"MontanaProud,mtal,mtpol",3
1306420035901181952,"Rosendale, Matt",True,False,R,MONTANA 0,MattForMontana,09/17/2020 02:29:43,"I had the pleasure of touring Harrington Bottle Company in Butte while on the campaign trail. We need to do everything we can to help our businesses grow. If elected, I look forward to being an advocate for businesses and their employees across our great state. https://t.co/SFlHLJqPfc",285,2,2,0,7,True,3,False,False,null,,null,0,null,0
1306050172099727361,"Rosendale, Matt",True,False,R,MONTANA 0,MattForMontana,09/16/2020 02:00:00,It was great to be in Lewistown for the 31st Chokecherry Festival last week. I was so glad to have the opportunity to speak with so many great people about the important issues facing our state! #mtal #mtpol https://t.co/3OEkrOHoVi,231,1,2,0,4,True,2,False,False,null,,null,0,"mtal,mtpol",2
1305974317423955968,"Rosendale, Matt",True,False,R,MONTANA 0,MattForMontana,09/15/2020 20:58:35,"Great to welcome @VP Mike Pence to our great state yesterday and to see just how much support he has from Montanans! This November, we will keep America great! #mtal #mtpol https://t.co/kjyeXgK5sK",196,7,6,2,18,True,3,False,False,null,,VP,1,"mtal,mtpol",2
1305620806240624642,"Rosendale, Matt",True,False,R,MONTANA 0,MattForMontana,09/14/2020 21:33:52,"""Let's send Matt Rosendale to the United States Congress in a new Republican majority"" - @VP Mike Pence #mtal #mtpol #MAGA https://t.co/vKTE51zJpx",146,213,56,5,1256,True,1,False,False,null,,VP,1,"mtal,mtpol,MAGA",3
1305548965291716613,"Rosendale, Matt",True,False,R,MONTANA 0,MattForMontana,09/14/2020 16:48:23,Thank you to the Stillwater County Republican Central Committee for inviting me to join you on 9/11 to honor our fallen countrymen and women and remember the tragic events of that day. https://t.co/JD0d6Wucny,208,2,1,0,2,True,1,False,False,null,,null,0,null,0
1305521694321278977,"Rosendale, Matt",True,False,R,MONTANA 0,MattForMontana,09/14/2020 15:00:02,"Excited to welcome @VP Mike Pence back to our great state this afternoon. Together, we will keep America great this November! https://t.co/PGfIqLoUtT",149,130,70,4,1001,False,0,False,False,null,,VP,1,null,0
1305344970010890240,"Rosendale, Matt",True,False,R,MONTANA 0,MattForMontana,09/14/2020 03:17:47,"Tomorrow's rally with Vice President Pence is still on! Doors open at 12:30 and we can't wait to see you all there! If you haven't already, be sure to reserve your tickets before midnight tonight! #mtpol
https://t.co/DK90oEFX7j",227,10,10,0,19,False,0,False,False,null,,null,0,mtpol,1
1305234796566601729,"Rosendale, Matt",True,False,R,MONTANA 0,MattForMontana,09/13/2020 20:00:00,"‚ÄúI know Rosendale, he is a free enterpriser. Like our founding fathers, he believes individual freedom is important. Rosendale doesn‚Äôt think government is the answer to everything. Rosendale believes in ‚Äòwe the people.‚Äô‚Äù - State Sen. Steve Hinebauch #mtal
https://t.co/YxDKn2vXnU",279,3,5,0,4,False,0,False,False,null,,null,0,mtal,1
1305178954827956236,"Rosendale, Matt",True,False,R,MONTANA 0,MattForMontana,09/13/2020 16:18:06,Join us THIS MONDAY for an event with @VP Mike Pence! Be sure to reserve your FREE tickets while you still can!&gt;&gt; https://t.co/dFXi15feYX https://t.co/Qy8bDpibAx,167,4,7,1,7,True,1,False,False,null,,VP,1,null,0
1304434530518999042,"Rosendale, Matt",True,False,R,MONTANA 0,MattForMontana,09/11/2020 15:00:01,"We will #NeverForget. It‚Äôs been 19 years since we watched our towers fall. Today, we remember the countless American lives that were lost &amp; the bravery of those patriots who risked their own lives to save others. May God bless them &amp; continue to bless these great United States. https://t.co/NeYkVtiN1q",310,6,1,0,16,True,1,False,False,null,,null,0,NeverForget,1
1304192932023418880,"Rosendale, Matt",True,False,R,MONTANA 0,MattForMontana,09/10/2020 23:00:00,"‚ÄúMatt Rosendale will always stand with the people of Montana, not with the D.C. swamp or the political class. Matt Rosendale is a career politician's worst nightmare, and we desperately need him in Congress.‚Äù ‚ÄîJohn K., Lewistown #mtal #mtpol
https://t.co/WfNN9vyZTk",265,5,8,2,9,False,0,False,False,null,,null,0,"mtal,mtpol",2
1304113134114873346,"Rosendale, Matt",True,False,R,MONTANA 0,MattForMontana,09/10/2020 17:42:55,"I had the pleasure of meeting with many of the hardworking folks of Great Falls! In Congress, listening to my constituents and fighting for our shared Montana values will be my top priority. #mtal #mtpol https://t.co/zuAh8nJGnv",227,3,8,0,6,True,2,False,False,null,,null,0,"mtal,mtpol",2
1303860746116362241,"Rosendale, Matt",True,False,R,MONTANA 0,MattForMontana,09/10/2020 01:00:01,"‚ÄúWe must send a pro-life, pro-gun candidate to Congress. I urge you to join me in voting for Montana values by supporting Matt Rosendale for Congress.‚Äù ‚ÄîHildegarde W., Bozeman

Thank you for your support, Hildegarde! #mtal #mtpol
https://t.co/zK90pTzmM0",253,3,9,1,5,False,0,False,False,null,,null,0,"mtal,mtpol",2
1303800348365078528,"Rosendale, Matt",True,False,R,MONTANA 0,MattForMontana,09/09/2020 21:00:01,"I am proud to be endorsed and ‚ÄúA‚Äù rated by the @NRA. In Congress, I will represent Montana‚Äôs gun owners and hunters. I will ALWAYS defend our Montana way of life! #mtal #mtpol https://t.co/xaM0d0UZhL",199,4,10,1,11,True,1,False,False,null,,NRA,1,"mtal,mtpol",2
1303724851585265664,"Rosendale, Matt",True,False,R,MONTANA 0,MattForMontana,09/09/2020 16:00:01,"Laura S. from Polson: ‚ÄúDem leadership has meant the nation burns. We need leadership that ensures this wanton lawlessness cannot dream of establishing itself in our state. I support steadfast Matt Rosendale ‚Äî for our future, safety and prosperity.‚Äù #mtal
https://t.co/rfOmumHFOx",278,5,8,0,7,False,0,False,False,null,,null,0,mtal,1
1303695307130183680,"Rosendale, Matt",True,False,R,MONTANA 0,MattForMontana,09/09/2020 14:02:37,"For Jean &amp; I, family is the most important thing. We‚Äôve been blessed to raise our 3 sons in Glendive. After much discussion &amp; prayer as a family, Jean &amp; I made the decision to sell our home in Glendive &amp; relocate closer to our 2 sons in Great Falls.

Read our full announcement‚¨áÔ∏è https://t.co/1fbNF65QXm",319,3,6,2,12,True,3,False,False,null,,null,0,null,0
1303475705674489856,"Rosendale, Matt",True,False,R,MONTANA 0,MattForMontana,09/08/2020 23:30:00,"Thank you to our firefighters and other public safety officials on the front lines fighting to protect our communities and keep our families safe from the fires raging across our state. 
https://t.co/6i8iz67lS0",210,2,2,0,4,False,0,False,False,null,,null,0,null,0
1303462853433794560,"Rosendale, Matt",True,False,R,MONTANA 0,MattForMontana,09/08/2020 22:38:56,"Americans have waited decades for leaders in DC to fix soaring prices &amp; increase access to healthcare. While some pub officials are all talk, I got things done for the folks of MT. In Congress, I will do the same. Learn more about my record of cutting healthcare costs for all‚¨áÔ∏è https://t.co/UmmPiYYxfX",306,3,4,0,5,False,0,False,True,null,,null,0,null,0
1303047020110852096,"Rosendale, Matt",True,False,R,MONTANA 0,MattForMontana,09/07/2020 19:06:33,"35 years ago, I had the honor of marrying this smart, beautiful woman. Thank you for being by my side on this journey, Jean! I couldn‚Äôt imagine a more loving and compassionate person to have on my team. Happy Anniversary! https://t.co/Zvce6yjfEB",245,3,2,2,23,True,2,False,False,null,,null,0,null,0
1302984210114916354,"Rosendale, Matt",True,False,R,MONTANA 0,MattForMontana,09/07/2020 14:56:58,"While this year has been difficult, Montanans are resilient. Thank you to all of our Montana workers! #LaborDay https://t.co/AFkutm8a5E",135,1,2,0,15,False,0,False,True,null,,null,0,LaborDay,1
1302742559597289473,"Rosendale, Matt",True,False,R,MONTANA 0,MattForMontana,09/06/2020 22:56:44,"With fires raging in Gallatin County, I urge everyone to heed the advice of local officials who are working tirelessly to keep us safe. I'm extremely grateful to our firefighters &amp; first responders on the front lines battling to get the fire under control.
https://t.co/2ELN6RV6L2",284,3,3,0,6,False,0,False,False,null,,null,0,null,0
1302675708968226816,"Rosendale, Matt",True,False,R,MONTANA 0,MattForMontana,09/06/2020 18:31:06,"Nancy Pelosi shows us once again just how out of touch she is. While she's telling small business owners across the country that they can‚Äôt work to feed their families, she‚Äôs using her political power to get special treatment. We must flip the House.
https://t.co/ZW21SMH8nv",274,7,56,6,19,False,0,False,False,null,,null,0,null,0
1301973307957231618,"Rosendale, Matt",True,False,R,MONTANA 0,MattForMontana,09/04/2020 20:00:00,"‚ÄúBoth @realDonaldTrump &amp; I are strong believers in Matt‚Äôs campaign. We need folks in Congress like Matt who will support my father and his pro-jobs, pro-gun &amp; pro-America agenda. Can we count on you to help send him to Congress this Nov?‚Äù ‚Äî@DonaldTrumpJr
https://t.co/mxtWTa2K1C https://t.co/YFKA1GYHD2",310,9,10,1,22,True,1,False,False,null,,"realDonaldTrump,donaldtrumpjr",2,null,0
1301882710420410368,"Rosendale, Matt",True,False,R,MONTANA 0,MattForMontana,09/04/2020 14:00:00,Thank you to the @NatlGunRights for their endorsement of my campaign for Montana‚Äôs lone Congressional seat. I am the only candidate in the race who will always fight to protect our 2nd Amendment Rights and hunting heritage from the extremists who want to diminish them. https://t.co/QEEugI16yj,293,3,4,0,6,True,1,False,False,null,,NatlGunRights,1,null,0
1301660875900755969,"Rosendale, Matt",True,False,R,MONTANA 0,MattForMontana,09/03/2020 23:18:31,"I got to spend some time in both Malta and Havre this week talking with folks about the challenges facing our state and our nation. As your Representative in Congress, I will always listen to and serve you. https://t.co/RyZvsl9uIc",230,5,17,2,12,True,3,False,False,null,,null,0,null,0
1323353910686359553,Kathleen Williams,False,False,D,MONTANA 0,WilliamsForMT,11/02/2020 19:58:53,"I‚Äôm deeply committed to fighting for our veterans, service members and their families. I‚Äôll fight to get them the services they need and the opportunities they deserve. #mtal #mtpol https://t.co/6w3Zc961ZX",205,17,3,4,99,False,0,False,True,null,,null,0,"mtal,mtpol",2
1323092431999430656,Kathleen Williams,False,False,D,MONTANA 0,WilliamsForMT,11/02/2020 02:39:52,I‚Äôd like to thank Congressman Pat Williams for his service and incredible introduction in Missoula tonight. Thank you to everyone who came out to support us! #mtal #mtpol https://t.co/WlqEf4WhiJ,194,12,4,3,152,True,2,False,False,null,,null,0,"mtal,mtpol",2
1323062149648769024,Kathleen Williams,False,False,D,MONTANA 0,WilliamsForMT,11/02/2020 00:39:32,"Thank you to everyone in Polson working hard to restore civility, integrity and stateswomanship to Congress! #mtal #mtpol https://t.co/uZB665ot3A",145,9,2,1,83,True,2,False,False,null,,null,0,"mtal,mtpol",2
1322983630260572160,Kathleen Williams,False,False,D,MONTANA 0,WilliamsForMT,11/01/2020 19:27:31,It‚Äôs a beautiful day to canvas in Kalispell! Thank you to all of the volunteers! #mtal #mtpol https://t.co/3tSZcSiAyL,117,10,0,2,96,True,2,False,False,null,,null,0,"mtal,mtpol",2
1322728133292863488,Kathleen Williams,False,False,D,MONTANA 0,WilliamsForMT,11/01/2020 02:32:16,"Thank you, Helena! The work you‚Äôre doing from now until the election is so important and will help get Montana the representation it deserves!  #mtal #mtpol https://t.co/kuG2VKUQM3",180,15,0,2,97,True,2,False,False,null,,null,0,"mtal,mtpol",2
1322652847285006338,Kathleen Williams,False,False,D,MONTANA 0,WilliamsForMT,10/31/2020 21:33:07,"It‚Äôs time to take back this seat! Thank you for all your hard work, Livingston! #mtal #mtpol https://t.co/rii3acxoQu",116,12,0,1,82,True,2,False,False,null,,null,0,"mtal,mtpol",2
1322612706210439172,Kathleen Williams,False,False,D,MONTANA 0,WilliamsForMT,10/31/2020 18:53:36,"Thank you, Bozeman! Every door knocked and every call made matters! #mtal #mtpol https://t.co/LMk6tnXZVp",104,9,3,1,88,True,2,False,False,null,,null,0,"mtal,mtpol",2
1322574395450089472,Kathleen Williams,False,False,D,MONTANA 0,WilliamsForMT,10/31/2020 16:21:22,"Brian Kahn was so dedicated to kindness, empathy and helping find common ground. I‚Äôm so honored to have been interviewed by him. He will be missed. I‚Äôm sending my thoughts and prayers to his family.",198,6,3,1,58,False,0,False,False,null,,null,0,null,0
1322574052859371520,Kathleen Williams,False,False,D,MONTANA 0,WilliamsForMT,10/31/2020 16:20:01,"Out here in Billings chatting with some hardworking volunteers! We‚Äôve got three more days, let‚Äôs win this! #mtal #mtpol https://t.co/pWFwcBoA7i",143,12,2,3,59,True,1,False,False,null,,null,0,"mtal,mtpol",2
1322298041454518272,Kathleen Williams,False,False,D,MONTANA 0,WilliamsForMT,10/30/2020 22:03:14,"We must address the critical issues of violence, trafficking, abduction, abuse, and murder that are disproportionately common in our Native communities. I'm ready to fight for security and opportunity for all. #mtal #mtpol",222,15,3,4,78,False,0,False,False,null,,null,0,"mtal,mtpol",2
1322248040975986688,Kathleen Williams,False,False,D,MONTANA 0,WilliamsForMT,10/30/2020 18:44:33,"In the legislature, I stood up to proposals that would have weakened land and water protections and transferred public land. I've always been a champion for our public lands, and I always will be. #mtal #mtpol",209,19,4,0,66,False,0,False,False,null,,null,0,"mtal,mtpol",2
1321916492674338816,Kathleen Williams,False,False,D,MONTANA 0,WilliamsForMT,10/29/2020 20:47:06,"I am committed to our service members, and getting them the services they need and the opportunities they deserve. #mtal #mtpol
https://t.co/wSE2MdFVj0",151,3,0,0,25,False,0,False,False,null,,null,0,"mtal,mtpol",2
1321886246688288768,Kathleen Williams,False,False,D,MONTANA 0,WilliamsForMT,10/29/2020 18:46:55,"I've worked with farmers and ranchers throughout my career to resolve water rights issues, and help diversify their incomes. In Congress, I'll be a friend and advocate for rural Montana in the US House. #mtal #mtpol",215,10,4,2,70,False,0,False,False,null,,null,0,"mtal,mtpol",2
1321556591938736128,Kathleen Williams,False,False,D,MONTANA 0,WilliamsForMT,10/28/2020 20:56:59,"I'm ready to get Washington past its dysfunction and working for Montana again. Montanans need results, not more partisan bickering. 
#mtal #mtpol",146,11,2,0,81,False,0,False,False,null,,null,0,"mtal,mtpol",2
1321528886404861952,Kathleen Williams,False,False,D,MONTANA 0,WilliamsForMT,10/28/2020 19:06:53,Americans shouldn't have to choose between paying for their prescriptions and putting food on the table and keeping the lights on. I'll fight against the skyrocketing prices of prescription drugs and any special interest that tries to stands in my way. #mtal #mtpol,265,8,2,3,57,False,0,False,False,null,,null,0,"mtal,mtpol",2
1321270462517657608,Kathleen Williams,False,False,D,MONTANA 0,WilliamsForMT,10/28/2020 02:00:00,"Here in Montana our values run deep, and they call on us to do what's right for Montana. I'm in this race to be your true, independent voice. In exactly 7 days, polls will close, and I'd be honored to have your vote. #mtpol #mtal https://t.co/793kIenJAO",253,28,0,3,116,False,0,False,True,null,,null,0,"mtpol,mtal",2
1321196204500287489,Kathleen Williams,False,False,D,MONTANA 0,WilliamsForMT,10/27/2020 21:04:56,"""She intends to do her part to restore civility and integrity to a 'broken Congress.' During her three terms in the state legislature she was able to work with both sides of the aisle."" #mtal #mtpol https://t.co/Z3zO29qEXI
https://t.co/Z3zO29qEXI",246,3,0,0,26,False,0,False,False,null,,null,0,"mtal,mtpol",2
1321167182269591552,Kathleen Williams,False,False,D,MONTANA 0,WilliamsForMT,10/27/2020 19:09:37,Montana! One week left to vote and make your voice heard! #mtal #mtpol https://t.co/wKPXMOfe9C,94,17,1,10,130,False,0,True,False,null,,null,0,"mtal,mtpol",2
1321126116724068352,Kathleen Williams,False,False,D,MONTANA 0,WilliamsForMT,10/27/2020 16:26:26,"As the daughter of a WWII veteran and the wife of a Vietnam War veteran, I understand what military families need and will never stop fighting for them, unlike my opponent who has opposed necessary services for Montana‚Äôs veterans time and time again. #mtal #mtpol",263,13,0,3,73,False,0,False,False,null,,null,0,"mtal,mtpol",2
1320797198058098688,Kathleen Williams,False,False,D,MONTANA 0,WilliamsForMT,10/26/2020 18:39:25,"For many, healthcare is too expensive and sometimes unattainable. I'm ready to make sure all Montanans have access to quality, affordable healthcare. #mtal #Mtpol",162,11,1,3,82,False,0,False,False,null,,null,0,"mtal,Mtpol",2
1320757079083085824,Kathleen Williams,False,False,D,MONTANA 0,WilliamsForMT,10/26/2020 16:00:00,"Honored to have the endorsement of New Dems Action Fund! We have to find forward-looking solutions to the challenges we're facing. I'm ready to do that in Congress.
#mtal #mtpol https://t.co/vBRjTwzzJO",201,2,2,1,40,True,1,False,False,null,,null,0,"mtal,mtpol",2
1320455470423789568,Kathleen Williams,False,False,D,MONTANA 0,WilliamsForMT,10/25/2020 20:01:31,"Im ready to help advance economic development, business creation, and value-added opportunities across Montana, both urban and rural. I did it in the Legislature, and I‚Äôll do it in Congress too. #mtal #mtpol",207,14,1,0,83,False,0,False,False,null,,null,0,"mtal,mtpol",2
1320415257588711424,Kathleen Williams,False,False,D,MONTANA 0,WilliamsForMT,10/25/2020 17:21:44,"Protecting Montana‚Äôs outdoor heritage is critical to Montana‚Äôs communities and economy. Montanans need a representative who knows that, and won‚Äôt jeopardize our public lands. #mtpol #mtal",187,15,3,5,73,False,0,False,False,null,,null,0,"mtpol,mtal",2
1320107802459684864,Kathleen Williams,False,False,D,MONTANA 0,WilliamsForMT,10/24/2020 21:00:01,"I don't take a dime of corporate PAC money. I'll be a voice for Montanans, not corporations and special interest. 
#mtal #mtpol",127,25,2,1,134,False,0,False,False,null,,null,0,"mtal,mtpol",2
1320070211458924544,Kathleen Williams,False,False,D,MONTANA 0,WilliamsForMT,10/24/2020 18:30:38,"Quality, affordable healthcare is essential. In Congress, I'll fight for Medicare and Medicaid, and work hard to improve services in our rural communities.
#mtal #Mtpol",168,16,2,1,63,False,0,False,False,null,,null,0,"mtal,Mtpol",2
1319715216297357312,Kathleen Williams,False,False,D,MONTANA 0,WilliamsForMT,10/23/2020 19:00:01,"I've dedicated nearly four-decades to outdoor opportunities and solving natural resource problems. I know our public lands make Montana ‚ÄúThe Last Best Place,‚Äù and unlike my opponent, I won't be selling them off to the highest bidder. #mtal #mtpol",246,8,0,1,65,False,0,False,False,null,,null,0,"mtal,mtpol",2
1319683435800137729,Kathleen Williams,False,False,D,MONTANA 0,WilliamsForMT,10/23/2020 16:53:44,Thank you to the Missoulian! I think the headline speaks for itself. #mtal #mtpol https://t.co/1ZfaRFhgaf,105,43,4,7,171,False,0,False,False,null,,null,0,"mtal,mtpol",2
1319669918783123456,Kathleen Williams,False,False,D,MONTANA 0,WilliamsForMT,10/23/2020 16:00:01,"Fighting for our veterans, servicemembers, and their families is personal for me. In Congress, I'll fight to get veterans and their families better healthcare and opportunities. #mtal #mtpol",190,9,1,1,53,False,0,False,False,null,,null,0,"mtal,mtpol",2
1319393315834318848,Kathleen Williams,False,False,D,MONTANA 0,WilliamsForMT,10/22/2020 21:40:54,"I've stood up to proposals that would have weakened land and water protections and transferred public land. In Congress, I will foster real solutions needed to protect our environment and heal our planet. #mtal #mtpol 
https://t.co/uPewo5Qxct",242,8,2,1,31,False,0,False,False,null,,null,0,"mtal,mtpol",2
1318978076282286081,Kathleen Williams,False,False,D,MONTANA 0,WilliamsForMT,10/21/2020 18:10:53,We‚Äôre facing challenges as a country that are unprecedented. Who we send to Congress matters. My promise is to show up and deliver for you - something I‚Äôve done my whole career. #mtal #mtpol https://t.co/Rx7IFZ697w,214,21,4,7,96,True,1,False,False,null,,null,0,"mtal,mtpol",2
1318688445963718657,Kathleen Williams,False,False,D,MONTANA 0,WilliamsForMT,10/20/2020 23:00:00,"It's past time rural Montana had a friend and advocate in the US House. I will work to ensure farmers and ranchers have stable, predictable markets needed to make a living off the land. #mtal #mtpol",198,19,1,1,76,False,0,False,False,null,,null,0,"mtal,mtpol",2
1318652549474390016,Kathleen Williams,False,False,D,MONTANA 0,WilliamsForMT,10/20/2020 20:37:21,Montanans deserve a member of Congress committed to our outdoor heritage. I‚Äôm ready to fight for our way of life in the House and keep public lands in public hands. #mtal #mtpol,177,21,2,0,81,False,0,False,False,null,,null,0,"mtal,mtpol",2
1318295065123463169,Kathleen Williams,False,False,D,MONTANA 0,WilliamsForMT,10/19/2020 20:56:50,"Everyone should have access to quality, affordable healthcare. In Congress, I'll work to fix our patchwork of a healthcare system. #mtal #mtpol",143,17,1,2,88,False,0,False,False,null,,null,0,"mtal,mtpol",2
1317998888901488640,Kathleen Williams,False,False,D,MONTANA 0,WilliamsForMT,10/19/2020 01:19:57,"It's time Montanans had a representative¬†willing to work with people of all political stripes to do what‚Äôs right for Montana and America, not the special interests.¬†That's what I did as a state legislator and what I'll do in Congress. #mtal #mtpol https://t.co/n4TIE02eyl",271,32,1,1,130,True,1,False,False,null,,null,0,"mtal,mtpol",2
1317923690739163138,Kathleen Williams,False,False,D,MONTANA 0,WilliamsForMT,10/18/2020 20:21:08,"""Williams is a strong advocate for Montanans receiving the health care they need at an affordable price and for protecting insurance coverage for pre-existing conditions."" #mtal #mtpol 
https://t.co/UyXh9FzHrD",209,11,0,3,42,False,0,False,False,null,,null,0,"mtal,mtpol",2
1317898742582759424,Kathleen Williams,False,False,D,MONTANA 0,WilliamsForMT,10/18/2020 18:42:00,"We have to do our best to support our healthcare workers. Mask up, wash your hands, and stay home if you're sick. #mtal #mtpol 
https://t.co/NGLILiqcYk",151,8,0,0,41,False,0,False,False,null,,null,0,"mtal,mtpol",2
1317561248226004993,Kathleen Williams,False,False,D,MONTANA 0,WilliamsForMT,10/17/2020 20:20:55,There has been so much partisan bickering in Washington over healthcare and we still can‚Äôt move forward. Montanans deserve better. #mtal #mtpol,143,16,1,2,104,False,0,False,False,null,,null,0,"mtal,mtpol",2
1317205884469014528,Kathleen Williams,False,False,D,MONTANA 0,WilliamsForMT,10/16/2020 20:48:50,"I'm ready to fight for our veterans, their healthcare, families, and opportunities, and not just give them lip service. #mtal #mtpol https://t.co/H9RY2oFhAC",156,13,1,0,50,False,0,False,False,null,,null,0,"mtal,mtpol",2
1317176513612009472,Kathleen Williams,False,False,D,MONTANA 0,WilliamsForMT,10/16/2020 18:52:07,"""Kathleen is the common-sense leader we need in the US House of Representatives. She listens. She brings people together to find practical solutions. She will serve all Montanans, not special interests."" #mtal #Mtpol https://t.co/6hKy9TZsj5",240,15,1,2,34,False,0,False,False,null,,null,0,"mtal,Mtpol",2
1317140740397412352,Kathleen Williams,False,False,D,MONTANA 0,WilliamsForMT,10/16/2020 16:29:58,"We must reduce the stigma of seeking mental health services, and ensure Montana is able to participate in the Excellence in Mental Health programs as they are expanded. #mtal #mtpol",181,16,1,3,92,False,0,False,False,null,,null,0,"mtal,mtpol",2
1316808559644930048,Kathleen Williams,False,False,D,MONTANA 0,WilliamsForMT,10/15/2020 18:30:00,"""Kathleen is a strong advocate for Montanans receiving the health care they need at an affordable price and for protecting insurance coverage for pre-existing conditions."" #mtal #mtpol
https://t.co/wFTqbMyAtU",208,12,0,1,36,False,0,False,False,null,,null,0,"mtal,mtpol",2
1316774513179123713,Kathleen Williams,False,False,D,MONTANA 0,WilliamsForMT,10/15/2020 16:14:43,"The flags of the eight Tribal Nations in Montana now fly at the State Capitol, a beautiful way to honor our tribes and a reminder that our capitol belongs to ALL Montanans. #mtal #Mtpol
https://t.co/t2Qez4KP7d",209,24,0,2,85,False,0,False,False,null,,null,0,"mtal,Mtpol",2
1316450939964993538,Kathleen Williams,False,False,D,MONTANA 0,WilliamsForMT,10/14/2020 18:48:57,"""I support Kathleen Williams because she has already proven to me she is a hard worker and sincerely wants to represent all our citizens in Congress ‚Ä¶ all of us, not just certain folks."" #mtal #mtpol
https://t.co/gcuyuit1jg",223,8,0,1,24,False,0,False,False,null,,null,0,"mtal,mtpol",2
1316408442723028993,Kathleen Williams,False,False,D,MONTANA 0,WilliamsForMT,10/14/2020 16:00:05,I‚Äôm running to fix the expensive and inefficient patchwork of our healthcare system. Nobody should have to choose between buying groceries or insulin. The skyrocketing price of healthcare per person is unacceptable. #mtal #mtpol,228,36,3,3,129,False,0,False,False,null,,null,0,"mtal,mtpol",2
1316129419874852865,Kathleen Williams,False,False,D,MONTANA 0,WilliamsForMT,10/13/2020 21:31:20,"October is Farm to School month! This is a great way to support our local producers. #mtal #mtpol
https://t.co/FPmgAP9I68",121,3,0,0,9,False,0,False,False,null,,null,0,"mtal,mtpol",2
1316098783680184320,Kathleen Williams,False,False,D,MONTANA 0,WilliamsForMT,10/13/2020 19:29:36,"Everyone deserves access to quality, affordable healthcare. Short-term insurance that preys on consumers hurts that cause, not helps. #mtal #mtpol https://t.co/xo74Dpv87M",170,20,3,2,86,True,1,False,False,null,,null,0,"mtal,mtpol",2
1315790289563394048,Kathleen Williams,False,False,D,MONTANA 0,WilliamsForMT,10/12/2020 23:03:45,"""Kathleen Williams will stand up for all Montanans and provide a breath of fresh air in the current climate in Washington. Whether its health care or clean water, Kathleen has what it takes to get the job done."" #mtal #Mtpol https://t.co/csAXuIvt6n",248,11,1,0,57,False,0,False,False,null,,null,0,"mtal,Mtpol",2
1315725948117872640,Kathleen Williams,False,False,D,MONTANA 0,WilliamsForMT,10/12/2020 18:48:05,"On #IndigenousPeoplesDay, we celebrate and honor the culture and contributions of Native peoples, and recognize the need to address the struggles they¬†have faced for centuries. In Congress, I'll continue to work with and advocate for Indian Country. #mtal #mtpol",262,16,1,0,60,False,0,False,False,null,,null,0,"IndigenousPeoplesDay,mtal,mtpol",3
1315422118163537920,Kathleen Williams,False,False,D,MONTANA 0,WilliamsForMT,10/11/2020 22:40:46,"We need to keep working to innovate and strengthen the VA to better serve our veterans. #mtal #mtpol
https://t.co/JQkofwP0Bi",124,3,0,1,25,False,0,False,False,null,,null,0,"mtal,mtpol",2
1315356678938738688,Kathleen Williams,False,False,D,MONTANA 0,WilliamsForMT,10/11/2020 18:20:45,"""She has a track record of working to achieve non-partisan solutions and she has consistently and clearly supported keeping Montana‚Äôs public lands open to the public."" #mtal #mtpol
https://t.co/BIJC9o9cHz",204,23,0,0,58,False,0,False,False,null,,null,0,"mtal,mtpol",2
1314989074092974081,Kathleen Williams,False,False,D,MONTANA 0,WilliamsForMT,10/10/2020 18:00:01,"New ad! I'm ready to be a true, independent voice for all Montanans in Washington. We need to put partisanship aside and lead with our values. I won't toe any party line in Congress, I'll be focused on fighting for people like you and Alan. #mtpol #mtal https://t.co/DpsQVo0ahK",277,51,6,4,142,False,0,False,True,null,,null,0,"mtpol,mtal",2
1314971942298898434,Kathleen Williams,False,False,D,MONTANA 0,WilliamsForMT,10/10/2020 16:51:56,2/2 At least we managed a short hike before getting back on the phones talking to Montanans about how I can be helpful in Congress. Be safe out there!,150,1,0,0,27,False,0,False,False,WilliamsForMT,1314971940231110656,null,0,null,0
1314971940231110656,Kathleen Williams,False,False,D,MONTANA 0,WilliamsForMT,10/10/2020 16:51:56,"1/ I wish all pheasant hunters happy rooster chasing on today, Opening Day of the season. Danni &amp; I wish we were out there with you on this beautiful Fall day. #mtal #mtpol",176,4,2,0,40,False,0,False,False,null,,null,0,"mtal,mtpol",2
1314678609995427841,Kathleen Williams,False,False,D,MONTANA 0,WilliamsForMT,10/09/2020 21:26:20,"Thank you to @mtnativevote for the endorsement! I will always work to be a champion for our Native communities. 
https://t.co/ujmP1D7tFA",136,103,2,2,280,False,0,False,False,null,,mtnativevote,1,null,0
1314654501781995521,Kathleen Williams,False,False,D,MONTANA 0,WilliamsForMT,10/09/2020 19:50:32,"I can't believe we still have to say this, but our veterans deserve accessible healthcare, they shouldn't have to drive hours just for routine care. #mtal #mtpol",161,279,10,9,1224,False,0,False,False,null,,null,0,"mtal,mtpol",2
1314279527938322432,Kathleen Williams,False,False,D,MONTANA 0,WilliamsForMT,10/08/2020 19:00:32,"""In legislative work, Williams was effective at cutting taxes, expanding health care access and helping create new businesses. She‚Äôs what Montana has been needing; she will again make Montanans proud of our representative in Congress."" #mtal #mtpol
https://t.co/t4EKnOENP6",272,55,4,3,92,False,0,False,False,null,,null,0,"mtal,mtpol",2
1314239339581243392,Kathleen Williams,False,False,D,MONTANA 0,WilliamsForMT,10/08/2020 16:20:50,"Montana has one of the highest proportions of veterans in the country. They deserve a representative who will fight for their healthcare, families, and opportunities, and not just give them lip service. #mtal #mtpol",215,65,7,7,189,False,0,False,False,null,,null,0,"mtal,mtpol",2
1313962028634054656,Kathleen Williams,False,False,D,MONTANA 0,WilliamsForMT,10/07/2020 21:58:54,"Veterans! Free flu shot clinics are opening in Anaconda, Bozeman, Billings, Cut Bank, Fort Harrison/Helena, Glasgow, Glendive, Great Falls, Havre, Hamilton, Kalispell, Lewistown, Miles City, and Missoula. #mtal #Mtpol
https://t.co/xtutUVnbtr",241,20,3,2,58,False,0,False,False,null,,null,0,"mtal,Mtpol",2
1313939614135017472,Kathleen Williams,False,False,D,MONTANA 0,WilliamsForMT,10/07/2020 20:29:50,"""Kathleen has proven her ability to help our local economy: During the last recession, she helped pass bills in the Montana legislature that created new businesses and new products."" #mtal #mtpol https://t.co/7eYzuabV7t",219,17,2,2,52,False,0,False,False,null,,null,0,"mtal,mtpol",2
1313905681775419396,Kathleen Williams,False,False,D,MONTANA 0,WilliamsForMT,10/07/2020 18:15:00,"In Montana, we do things the Montana Way. Multimillionaire Matt Rosendale? He does things his way, and it's clear he just doesn't fit Montana. #mtal #Mtpol https://t.co/qR0hQX6OaR",179,61,6,2,136,False,0,False,True,null,,null,0,"mtal,Mtpol",2
1313655720747778048,Kathleen Williams,False,False,D,MONTANA 0,WilliamsForMT,10/07/2020 01:41:45,Last event of the #SolutionsTour in Bozeman! Thank you to everyone who came out these last 6 days and made this tour a success! #mtal #mtpol https://t.co/4Z2qrWfXyT,164,9,1,1,61,True,2,False,False,null,,null,0,"SolutionsTour,mtal,mtpol",3
1313599631750823937,Kathleen Williams,False,False,D,MONTANA 0,WilliamsForMT,10/06/2020 21:58:52,2nd to last stop in Dillon! Thanks to everyone coming out! #SolutionsTour #mtal #mtpol https://t.co/kSBBkmgLHC,110,4,3,0,39,True,1,False,False,null,,null,0,"SolutionsTour,mtal,mtpol",3
1313508118609887233,Kathleen Williams,False,False,D,MONTANA 0,WilliamsForMT,10/06/2020 15:55:13,Beautiful view this morning in Butte! Loved meeting great people and this little pup üê∂#SolutionsTour #mtal #mtpol https://t.co/cFBQcri2JS,137,14,3,1,103,True,2,False,False,null,,null,0,"SolutionsTour,mtal,mtpol",3
1313291105404776448,Kathleen Williams,False,False,D,MONTANA 0,WilliamsForMT,10/06/2020 01:32:53,Ending the day in Hamilton tonight! What a great day of the #SolutionsTour. Thank you to everyone who came out! #mtal #mtpol https://t.co/8ajN94yRAo,148,13,4,2,72,True,1,False,False,null,,null,0,"SolutionsTour,mtal,mtpol",3
1313276837275992064,Kathleen Williams,False,False,D,MONTANA 0,WilliamsForMT,10/06/2020 00:36:12,Thank you Missoula! So glad I got to talk with such great people! #SolutionsTour #mtal #mtpol https://t.co/PbtEtkIRDh,117,7,2,2,65,True,1,False,False,null,,null,0,"SolutionsTour,mtal,mtpol",3
1313229112262062081,Kathleen Williams,False,False,D,MONTANA 0,WilliamsForMT,10/05/2020 21:26:33,What a crowd and what a view in Polson! Thanks to everyone for coming out! #SolutionsTour #mtpol #mtal https://t.co/CGPfiNV0tC,126,7,2,1,63,True,1,False,False,null,,null,0,"SolutionsTour,mtpol,mtal",3
1313158219557027840,Kathleen Williams,False,False,D,MONTANA 0,WilliamsForMT,10/05/2020 16:44:51,It‚Äôs a beautiful fall day here in Thompson Falls! #SolutionsTour #mtal #mtpol https://t.co/Cp0Lkf3mAa,101,5,1,0,41,True,1,False,False,null,,null,0,"SolutionsTour,mtal,mtpol",3
1313146240368930816,Kathleen Williams,False,False,D,MONTANA 0,WilliamsForMT,10/05/2020 15:57:15,What a way to start a morning! Thank you Libby! #SolutionsTour #mtal #mtpol https://t.co/ZrVhiMyNap,99,6,3,0,47,True,1,False,False,null,,null,0,"SolutionsTour,mtal,mtpol",3
1312926164248272898,Kathleen Williams,False,False,D,MONTANA 0,WilliamsForMT,10/05/2020 01:22:45,Ended the day at Kalispell! Thanks to everyone for coming out today and making this tour amazing. #SolutionsTour #mtal #mtpol https://t.co/jyk0n02jOa,149,7,3,0,86,True,1,False,False,null,,null,0,"SolutionsTour,mtal,mtpol",3
1312895021537005568,Kathleen Williams,False,False,D,MONTANA 0,WilliamsForMT,10/04/2020 23:19:00,Thank you Whitefish for such a great turnout! #SolutionsTour #mtal #mtpol https://t.co/LegFNVCF6P,97,9,0,0,58,True,1,False,False,null,,null,0,"SolutionsTour,mtal,mtpol",3
1312835862409801729,Kathleen Williams,False,False,D,MONTANA 0,WilliamsForMT,10/04/2020 19:23:55,Thank you to everyone who came out in Choteau this morning! #SolutionsTour #mtal #mtpol https://t.co/QG9wtjWtI9,111,5,2,0,47,True,1,False,False,null,,null,0,"SolutionsTour,mtal,mtpol",3
1312794362607071232,Kathleen Williams,False,False,D,MONTANA 0,WilliamsForMT,10/04/2020 16:39:01,"ENDORSEMENT: Thank you to @BozChron for the endorsement. It's an honor, and it's time Montanans had a true, independent voice in the US House. #mtal #mtpol
https://t.co/ExXbu7qYmy",179,35,2,3,94,False,0,False,False,null,,bozchron,1,"mtal,mtpol",2
1312753196335464449,Kathleen Williams,False,False,D,MONTANA 0,WilliamsForMT,10/04/2020 13:55:26,Ready to start day 4 of the #SolutionsTour. Loved camping out at Freezeout Lake Wildlife Management Area! https://t.co/3fzIhHNCnp,129,20,8,6,163,True,1,False,False,null,,null,0,SolutionsTour,1
1312587454843555841,Kathleen Williams,False,False,D,MONTANA 0,WilliamsForMT,10/04/2020 02:56:50,Amazing day 3 to the #SolutionsTour What a crowd in Helena! #mtal #mtpol https://t.co/44IiGfdWyd,96,4,1,0,47,True,1,False,False,null,,null,0,"SolutionsTour,mtal,mtpol",3
1312560232816496641,Kathleen Williams,False,False,D,MONTANA 0,WilliamsForMT,10/04/2020 01:08:40,Thank you for having me Great Falls! What a beautiful day! #SolutionsTour #mtal #mtpol https://t.co/N4xH2xlAES,110,6,2,2,49,True,1,False,False,null,,null,0,"SolutionsTour,mtal,mtpol",3
1312483587212500993,Kathleen Williams,False,False,D,MONTANA 0,WilliamsForMT,10/03/2020 20:04:06,Great way to start day 3 of the #SolutionsTour Thank you Havre! #mtal #mtpol https://t.co/mfFRnevg6y,100,6,0,0,36,True,1,False,False,null,,null,0,"SolutionsTour,mtal,mtpol",3
1312216917197942785,Kathleen Williams,False,False,D,MONTANA 0,WilliamsForMT,10/03/2020 02:24:27,Last stop of the day in Sidney. Looking forward to seeing more people on the #SolutionsTour #mtal #mtpol https://t.co/wb6Aa0Hh4x,128,6,0,0,30,True,1,False,False,null,,null,0,"SolutionsTour,mtal,mtpol",3
1312192982104203265,Kathleen Williams,False,False,D,MONTANA 0,WilliamsForMT,10/03/2020 00:49:20,What a stop in Glendive! Thank you everyone for coming out! #SolutionsTour #mtal #mtpol https://t.co/x9aiXyou6E,111,10,3,0,75,True,1,False,False,null,,null,0,"SolutionsTour,mtal,mtpol",3
1312119914270994432,Kathleen Williams,False,False,D,MONTANA 0,WilliamsForMT,10/02/2020 19:59:00,"Miles City, it was wonderful visiting! Thank you to everyone who came out. #SolutionsTour #mtal #mtpol https://t.co/QhoCRbKey9",126,5,0,1,36,True,1,False,False,null,,null,0,"SolutionsTour,mtal,mtpol",3
1312110600244219905,Kathleen Williams,False,False,D,MONTANA 0,WilliamsForMT,10/02/2020 19:21:59,"Great stop in Forsyth! Good luck in the homecoming game, Go Dogies! üíú#SolutionsTour #mtal #mtpol https://t.co/p4FflQDY6Q",120,8,0,0,43,True,1,False,False,null,,null,0,"SolutionsTour,mtal,mtpol",3
1312024506320351232,Kathleen Williams,False,False,D,MONTANA 0,WilliamsForMT,10/02/2020 13:39:53,"I send my best to the President and First Lady, and I wish them a speedy recovery.",82,0,0,0,26,False,0,False,False,null,,null,0,null,0
1311856825864605696,Kathleen Williams,False,False,D,MONTANA 0,WilliamsForMT,10/02/2020 02:33:35,Great way to end day 1 of the Solutions Tour! Thank you Billings! #SolutionsTour #mtal #mtpol https://t.co/y9uwckMkCW,117,2,1,0,38,True,1,False,False,null,,null,0,"SolutionsTour,mtal,mtpol",3
1311808498850689025,Kathleen Williams,False,False,D,MONTANA 0,WilliamsForMT,10/01/2020 23:21:33,It‚Äôs always good to stop in Red Lodge! Thanks to everyone who came out! #mtal #mtpol https://t.co/DVYZ6ikIfT,108,3,2,0,50,True,1,False,False,null,,null,0,"mtal,mtpol",2
1311762254375784448,Kathleen Williams,False,False,D,MONTANA 0,WilliamsForMT,10/01/2020 20:17:47,Thank you Lewistown! Glad to meet and talk with such amazing people! #mtal #mtpol #SolutionsTour https://t.co/FeIJuLkKfc,120,7,2,0,42,True,2,False,False,null,,null,0,"mtal,mtpol,SolutionsTour",3
1311747920048263168,Kathleen Williams,False,False,D,MONTANA 0,WilliamsForMT,10/01/2020 19:20:49,"I kicked off my Solutions Tour in Livingston bright and early this morning and am grateful to all who came. One stop down, over twenty to go! Let‚Äôs do this Montana! #mtpol #mtal #SolutionsTour https://t.co/zLWwPwVCzy",216,4,2,2,45,True,2,False,False,null,,null,0,"mtpol,mtal,SolutionsTour",3
1311396888113889280,Kathleen Williams,False,False,D,MONTANA 0,WilliamsForMT,09/30/2020 20:05:57,Montanans deserve a representative who will actually show up and talk about the issues that matter to them. I'm ready to be that representative. #mtal #mtpol,157,19,2,0,92,False,0,False,False,null,,null,0,"mtal,mtpol",2
1311369954638229510,Kathleen Williams,False,False,D,MONTANA 0,WilliamsForMT,09/30/2020 18:18:55,"""Kathleen Williams will stand up for all Montanans and provide a breath of fresh air in the current climate in Washington. Whether its health care or clean water, Kathleen has what it takes to get the job done."" #mtal #mtpol
https://t.co/csAXuIvt6n",248,13,3,1,32,False,0,False,False,null,,null,0,"mtal,mtpol",2
1311031060101095424,Kathleen Williams,False,False,D,MONTANA 0,WilliamsForMT,09/29/2020 19:52:17,"I‚Äôm ready to be a true, independent voice who will tackle tough issues in Washington&amp; lower healthcare costs, build a more inclusive economy, protect our outdoor heritage,&amp; get our veterans the services they deserve. Solutions, not partisan bickering- the Montana way #mtal #mtpol",288,8,4,1,52,False,0,False,False,null,,null,0,"mtal,mtpol",2
1310999473393287168,Kathleen Williams,False,False,D,MONTANA 0,WilliamsForMT,09/29/2020 17:46:46,"""Williams has traveled from one end of our mammoth state to the other listening to rural folk and townies concerned about affordable health care, education for our children, productive work, and the freedom to access and use public lands."" #mtal #mtpol
https://t.co/GvsL0g4OPE",276,12,1,1,53,False,0,False,False,null,,null,0,"mtal,mtpol",2
1310690629299601408,Kathleen Williams,False,False,D,MONTANA 0,WilliamsForMT,09/28/2020 21:19:32,"""She is thoughtful and understands the complexities of the problem and is not wedded to a single political solution but to working to find the best solution to the problem."" #mtla #mtpol
https://t.co/4ymhVw2zYx",210,7,1,0,25,False,0,False,False,null,,null,0,"mtla,mtpol",2
1310678503080296448,Kathleen Williams,False,False,D,MONTANA 0,WilliamsForMT,09/28/2020 20:31:21,"I've stood up to proposals that would have weakened land and water protections and transferred public land, and I'll continue to do the same in Congress. #mtal #mtpol",166,6,1,1,42,False,0,False,False,null,,null,0,"mtal,mtpol",2
1310021379241238529,Kathleen Williams,False,False,D,MONTANA 0,WilliamsForMT,09/27/2020 01:00:10,"Thank you to MTN for hosting our debate this evening. The choice is clear: I'm ready to fight for Montanans. My opponent is out for himself and his donors. It's time we had the true, independent leadership we deserve in our lone seat in Congress. #mtpol #mtal #MTNdebate",270,46,8,2,184,False,0,False,False,null,,null,0,"mtpol,mtal,MTNdebate",3
1309991137877405696,Kathleen Williams,False,False,D,MONTANA 0,WilliamsForMT,09/26/2020 23:00:00,"Tonight, I'm ready to show yet again that I'll be Montana's true, independent voice in Congress. My opponent has shown he'll work for his special interest donors. I'll work for you. #mtpol #mtal #MTNdebate",205,7,0,2,87,False,0,False,False,null,,null,0,"mtpol,mtal,MTNdebate",3
1309983227310874624,Kathleen Williams,False,False,D,MONTANA 0,WilliamsForMT,09/26/2020 22:28:34,"""As our representative in Congress, she will represent the Montana she has worked for as a legislator, a land steward, and an advocate for veterans and the elderly.""
#mtal #mtpol https://t.co/ajt5O4FOoX",202,6,0,1,23,False,0,False,False,null,,null,0,"mtal,mtpol",2
1309954792391880704,Kathleen Williams,False,False,D,MONTANA 0,WilliamsForMT,09/26/2020 20:35:34,"Great to join everyone today to celebrate National Public Lands Day! In Congress, I'll do what my opponent won't - stand up for our lands and our rights to access them. #mtpol #mtal https://t.co/TdbFrQAo5B",205,8,2,0,35,False,0,False,False,null,,null,0,"mtpol,mtal",2
1309587130662952962,Kathleen Williams,False,False,D,MONTANA 0,WilliamsForMT,09/25/2020 20:14:37,"Our communities and economies depend on our public lands. We have to protect them, not sell them off to the highest bidder. 
#mtal #mtpol",137,1,1,0,21,False,0,False,False,null,,null,0,"mtal,mtpol",2
1309578307386523648,Kathleen Williams,False,False,D,MONTANA 0,WilliamsForMT,09/25/2020 19:39:33,"""She‚Äôs an independent thinker who takes a consensus building, intelligent approach to solving problems...That‚Äôs what Kathleen is about; finding solutions, not whipping up fear or name calling to try to win an election."" #mtal #mtpol
https://t.co/Silbs0xehM",256,6,2,2,29,False,0,False,False,null,,null,0,"mtal,mtpol",2
1309502700770324480,Kathleen Williams,False,False,D,MONTANA 0,WilliamsForMT,09/25/2020 14:39:07,2/2 It's unfortunate my opponent decided to no-show again to this important forum. I'm ready to go to Congress and show up and deliver - something I've done my whole career.,173,7,0,0,52,False,0,False,False,WilliamsForMT,1309502698505396224,null,0,null,0
1309502698505396224,Kathleen Williams,False,False,D,MONTANA 0,WilliamsForMT,09/25/2020 14:39:07,"1/ Had a great time with the Montana Farmers Union this morning! There are so many critical issues facing our ag community including COOL, rural broadband, USPS, and more. #mtal #mtpol https://t.co/mq8wVOkyk7",208,6,2,0,54,True,1,False,False,null,,null,0,"mtal,mtpol",2
1309311663145844736,Kathleen Williams,False,False,D,MONTANA 0,WilliamsForMT,09/25/2020 02:00:00,"Montanans need a representative who will protect what makes Montanan special, which is why I'm committed to protecting our public lands.
#mtal #mtpol",149,5,3,0,34,False,0,False,False,null,,null,0,"mtal,mtpol",2
1309307885143302144,Kathleen Williams,False,False,D,MONTANA 0,WilliamsForMT,09/25/2020 01:45:00,I'm all about Montana's interests instead of special interests. #mtal #mtpol https://t.co/eTEOVtAit8,100,11,1,2,63,False,0,False,False,null,,null,0,"mtal,mtpol",2
1309299930742185986,Kathleen Williams,False,False,D,MONTANA 0,WilliamsForMT,09/25/2020 01:13:23,"""She worked to help Montana‚Äôs economy during the 2008 recession. She passed bills that helped to create new small businesses and promote Montana product."" #mtal #mtpol https://t.co/2m1fhEKO0d",191,4,0,0,14,False,0,False,False,null,,null,0,"mtal,mtpol",2
1308961420654993410,Kathleen Williams,False,False,D,MONTANA 0,WilliamsForMT,09/24/2020 02:48:16,"I‚Äôm in this race because Montanans deserve a true, independent voice in Congress, rooted in their hopes, struggles, and dreams, who will work with people of all political stripes on solutions for Montana, not just special interests. #mtpol  #pbsdebate #mtal.‚Äù",259,22,4,3,104,False,0,False,False,null,,null,0,"mtpol,pbsdebate,mtal",3
1308948797565931521,Kathleen Williams,False,False,D,MONTANA 0,WilliamsForMT,09/24/2020 01:58:07,"I‚Äôll take my experience and values to Congress to lower our healthcare costs, protect our public lands, boost Montana‚Äôs economy by creating good-paying jobs across the state, and fight for our veterans #mtpol  #pbsdebate #mtal.",227,17,3,0,52,False,0,False,False,null,,null,0,"mtpol,pbsdebate,mtal",3
1308944833256407040,Kathleen Williams,False,False,D,MONTANA 0,WilliamsForMT,09/24/2020 01:42:21,"I worked with both parties to cut taxes and red tape for small businesses, as well as create new businesses and jobs #mtpol  #pbsdebate #mtal.",142,8,1,1,35,False,0,False,False,null,,null,0,"mtpol,pbsdebate,mtal",3
1308937061609603073,Kathleen Williams,False,False,D,MONTANA 0,WilliamsForMT,09/24/2020 01:11:29,"I believe building on what makes Montana special and will help us right here, not parroting DC special interests and hanging Montanans out to dry #mtpol  #pbsdebate #mtal.",171,7,1,2,50,False,0,False,False,null,,null,0,"mtpol,pbsdebate,mtal",3
1308843579603853312,Kathleen Williams,False,False,D,MONTANA 0,WilliamsForMT,09/23/2020 19:00:01,"""As a Montana state legislator, she fought to protect our public lands, and to enhance our access to them. She would not sell off our public lands; she believes that public lands belong to all of us. Kathleen Williams is committed to Montana."" #mtal #mtpol https://t.co/nffgajRPRJ",280,12,0,0,26,False,0,False,False,null,,null,0,"mtal,mtpol",2
1308794122438733824,Kathleen Williams,False,False,D,MONTANA 0,WilliamsForMT,09/23/2020 15:43:29,I‚Äôm glad action is being taken to address this crisis. I hope this can bring justice and healing to many.¬†#mtal #mtpol¬†https://t.co/33EmAerW3r,142,9,0,0,31,False,0,False,False,null,,null,0,"mtal,mtpol",2
1308499408267304960,Kathleen Williams,False,False,D,MONTANA 0,WilliamsForMT,09/22/2020 20:12:24,"‚ÄúFrom fighting for rural Montana, strengthening our educational system, honoring veterans, and advocating for Indian country, to protecting our outdoor heritage including our changing climate, Kathleen has a clear vision of what must be done."" #mtal #mtpol
https://t.co/6N70Hm78T0",280,6,2,0,18,False,0,False,False,null,,null,0,"mtal,mtpol",2
1308483588661288960,Kathleen Williams,False,False,D,MONTANA 0,WilliamsForMT,09/22/2020 19:09:32,Spent the morning at MSU for #NationalVoterRegistrationDay helping students register and talking about what matters to them! #mtal #mtpol https://t.co/MdiP8kBuCj,161,13,1,4,75,True,1,False,False,null,,null,0,"NationalVoterRegistrationDay,mtal,mtpol",3
1308463613921828866,Kathleen Williams,False,False,D,MONTANA 0,WilliamsForMT,09/22/2020 17:50:10,"Today is #NationalVoterRegistrationDay! You can visit https://t.co/ybbPmhpidp to check your registration, polling place, and create a plan to vote #mtpol #mtal",159,3,0,0,15,False,0,False,False,null,,null,0,"NationalVoterRegistrationDay,mtpol,mtal",3
1308149001586319360,Kathleen Williams,False,False,D,MONTANA 0,WilliamsForMT,09/21/2020 21:00:00,"""Be it health care, education, or public lands, Williams knows what will help Montanans and what won‚Äôt. She proved that during her time in the Montana Legislature. She‚Äôll prove it again in Congress."" #mtal #mtpol https://t.co/wl08gXVXfs",236,7,5,0,27,False,0,False,False,null,,null,0,"mtal,mtpol",2
1308124938499272704,Kathleen Williams,False,False,D,MONTANA 0,WilliamsForMT,09/21/2020 19:24:23,I've worked to create outdoor opportunities and solve natural resource problems for nearly four decades. I'm more than ready to be a champion for public lands in Congress. #mtal #mtpol,184,7,1,1,41,False,0,False,False,null,,null,0,"mtal,mtpol",2
1307786614647721986,Kathleen Williams,False,False,D,MONTANA 0,WilliamsForMT,09/20/2020 21:00:01,"""She will continue with this work and serve Montana‚Äôs ranchers and farmers well in Congress. Kathleen Williams is by far the best choice for Congress."" #mtal #mtpol
https://t.co/WXqckHA5Fs",188,9,3,0,39,False,0,False,False,null,,null,0,"mtal,mtpol",2
1307711115196076032,Kathleen Williams,False,False,D,MONTANA 0,WilliamsForMT,09/20/2020 16:00:00,"In Congress I will work to advance economic development, business creation and value-added opportunities across Montana, just like I did in the state legislature. #mtal #mtpol",175,6,2,1,53,False,0,False,False,null,,null,0,"mtal,mtpol",2
1307454423921307649,Kathleen Williams,False,False,D,MONTANA 0,WilliamsForMT,09/19/2020 23:00:00,"""Her 37-year career in conservation and natural resources gives her on-the-ground experience to help protect public lands, clean air and water in Montana and beyond. As a hunter, hiker and fisher she knows what makes Montana special."" #mtal #Mtpol
https://t.co/iwnyhqHsM7",271,12,1,0,24,False,0,False,False,null,,null,0,"mtal,Mtpol",2
1307416673729744902,Kathleen Williams,False,False,D,MONTANA 0,WilliamsForMT,09/19/2020 20:30:00,Our businesses and consumers drive a diversified economy that rewards people who take risks. We need to continue to foster opportunity and entrepreneurship so that Montanans can craft and achieve their American dream.  #mtal #MTpol,231,3,1,1,19,False,0,False,False,null,,null,0,"mtal,MTpol",2
1307386205986680832,Kathleen Williams,False,False,D,MONTANA 0,WilliamsForMT,09/19/2020 18:28:56,"Thank you to everyone who came out to Box Elder last night. I was honored to be there and talk with such amazing people. In Congress, I will continue to be a voice¬†for the Native community. #mtal #mtpol https://t.co/MWsJjLofhS",226,11,0,2,66,True,3,False,False,null,,null,0,"mtal,mtpol",2
1307109981469241345,Kathleen Williams,False,False,D,MONTANA 0,WilliamsForMT,09/19/2020 00:11:19,I am deeply saddened about the passing of Ruth Bader Ginsburg. She was a trailblazer for women across the country and a committed fighter for equality. Her leadership will be deeply missed.,189,31,3,0,181,False,0,False,False,null,,null,0,null,0
1307092036839813126,Kathleen Williams,False,False,D,MONTANA 0,WilliamsForMT,09/18/2020 23:00:00,"""Kathleen is about solutions for us all... Kathleen will represent the best interests of all Montanans and make us proud.""  #mtal #mtpol 
https://t.co/jlJPbNx0r2",161,30,3,1,98,False,0,False,False,null,,null,0,"mtal,mtpol",2
1307046821047480321,Kathleen Williams,False,False,D,MONTANA 0,WilliamsForMT,09/18/2020 20:00:20,2/2 I've worked with both parties to actually improve healthcare and protect public lands - and I don't take corporate PAC money. I'll always put Montana first.,160,4,0,1,27,False,0,False,False,WilliamsForMT,1307046739061469184,null,0,null,0
1307046739061469184,Kathleen Williams,False,False,D,MONTANA 0,WilliamsForMT,09/18/2020 20:00:01,"1/ New ad: Some things just don't fit - like my millionaire opponent and Montana. He helped land developers like himself, and would let insurers raise premiums and deny coverage for pre-existing conditions. #mtpol #mtal https://t.co/pdYkOhXrVI",243,53,5,10,123,False,0,False,True,null,,null,0,"mtpol,mtal",2
1306982986554904581,Kathleen Williams,False,False,D,MONTANA 0,WilliamsForMT,09/18/2020 15:46:41,"I proudly support @SenatorTester bill, the Blackfoot Clearwater Stewardship Act. It will create good paying jobs, strengthen our outdoor economy, and protect thousands of acres of public lands.
#mtal #mtpol",206,12,0,0,44,False,0,False,False,null,,SenatorTester,1,"mtal,mtpol",2
1306650631420092416,Kathleen Williams,False,False,D,MONTANA 0,WilliamsForMT,09/17/2020 17:46:01,"""She‚Äôs committed to work for an economy that benefits all Montanans, not just the wealthy. She will bring better jobs to our state and help farmers and ranchers stay on their land."" #mtal #mtpol
https://t.co/5wIf3ief1b",218,5,0,2,18,False,0,False,False,null,,null,0,"mtal,mtpol",2
1306627693538979840,Kathleen Williams,False,False,D,MONTANA 0,WilliamsForMT,09/17/2020 16:14:52,"Supporting veterans with substance abuse problems is so important. We must continue to make strides so veterans can access the care they need. #mtal #mtpol
https://t.co/MK5H1kMH6t",179,3,0,1,19,False,0,False,False,null,,null,0,"mtal,mtpol",2
1306046561802022913,Kathleen Williams,False,False,D,MONTANA 0,WilliamsForMT,09/16/2020 01:45:40,"""Kathleen represents consensus-building, intelligent, approaches to solving problems, not fomenting fear or name calling."" #mtal #Mtpol 
https://t.co/nriPSS2VUh",160,8,2,0,40,False,0,False,False,null,,null,0,"mtal,Mtpol",2
1305919628850339841,Kathleen Williams,False,False,D,MONTANA 0,WilliamsForMT,09/15/2020 17:21:16,"The VA announced a data breach affecting 46,000 veterans, and will notify affected vets via mail. #mtal #mtpol https://t.co/tpQfgilPpA",134,2,2,0,4,False,0,False,False,null,,null,0,"mtal,mtpol",2
1305880300489117699,Kathleen Williams,False,False,D,MONTANA 0,WilliamsForMT,09/15/2020 14:45:00,"Check out our new ad! It seems like there's a permanent roadblock in Washington. Some politicians follow their party so blindly that we can't seem to get anything done. By working with both sides in Helena, I got results. We need Washington to work together, too. #mtpol #mtal https://t.co/rd8Y0ma3ft",300,51,8,7,163,False,0,False,True,null,,null,0,"mtpol,mtal",2
1305566986500481026,Kathleen Williams,False,False,D,MONTANA 0,WilliamsForMT,09/14/2020 18:00:00,"""She listens. She has heard. and now she is ready to go to work for you, preserving your hard-earned Medicare and Social Security, access to your public lands."" #mtal #mtpol
https://t.co/cu6wcKtgbi",197,6,1,0,23,False,0,False,False,null,,null,0,"mtal,mtpol",2
1305540745231704064,Kathleen Williams,False,False,D,MONTANA 0,WilliamsForMT,09/14/2020 16:15:44,"It is a sad reality that many military families struggle to make ends meet. Obstacles like this make it difficult for military families to be financially stable. #mtal #mtpol
https://t.co/78jXo3aBfb",198,10,1,0,31,False,0,False,False,null,,null,0,"mtal,mtpol",2
1304897230462054400,Kathleen Williams,False,False,D,MONTANA 0,WilliamsForMT,09/12/2020 21:38:38,"""Williams voted against proposals that weaken land and water protection and the transfer of federal public lands owned by all Americans. She wants to ensure Montanans have access to 'our' public lands."" #mtal #mtpol
https://t.co/EHB2jVvLXN",239,4,0,1,19,False,0,False,False,null,,null,0,"mtal,mtpol",2
1304882533172035585,Kathleen Williams,False,False,D,MONTANA 0,WilliamsForMT,09/12/2020 20:40:14,"In Congress, I'll protect Medicaid, Medicare, and Social Security, which so many Montanans count on. #mtal #mtpol",113,17,3,2,63,False,0,False,False,null,,null,0,"mtal,mtpol",2
1304430951691243525,Kathleen Williams,False,False,D,MONTANA 0,WilliamsForMT,09/11/2020 14:45:48,"19 years ago, our worlds changed forever. We remember those we lost that day, as well as those who died in service to our nation - soldiers, first responders, and those citizens who gave their own lives to save others. #NeverForget 
https://t.co/f5PBTjcHOq",256,4,0,0,19,False,0,False,False,null,,null,0,NeverForget,1
1304132889747976193,Kathleen Williams,False,False,D,MONTANA 0,WilliamsForMT,09/10/2020 19:01:25,"""Kathleen Williams supports innovation from across the political spectrum, recognizing no party has a lock on good ideas. She also has the common sense to recognize bad ideas when she sees them."" #mtal #mtpol
https://t.co/MJlZMiaacD",232,7,2,1,27,False,0,False,False,null,,null,0,"mtal,mtpol",2
1304110438863441920,Kathleen Williams,False,False,D,MONTANA 0,WilliamsForMT,09/10/2020 17:32:12,COVID-19 has devastated our country and our state of Montana. 122 Montanans have died and thousands are sick. We need to stem this virus and start rebuilding our economy. #mtal #mtpol,183,23,4,1,71,False,0,False,False,null,,null,0,"mtal,mtpol",2
1303802245494915072,Kathleen Williams,False,False,D,MONTANA 0,WilliamsForMT,09/09/2020 21:07:33,"""Williams‚Äô long experience and informed humanity have shown her that we can‚Äôt afford to ignore our basic institutions and hope for the best."" #mtal #mtpol
https://t.co/d6d9aN75ry",178,6,1,2,24,False,0,False,False,null,,null,0,"mtal,mtpol",2
1303738462223228929,Kathleen Williams,False,False,D,MONTANA 0,WilliamsForMT,09/09/2020 16:54:06,"The average cost of healthcare per person is $3,200 a year. I fought in the Montana legislature to lower healthcare costs, and I'm ready to continue that work in Congress.
#mtal #mtpol",184,14,1,3,48,False,0,False,False,null,,null,0,"mtal,mtpol",2
1303404984147439616,Kathleen Williams,False,False,D,MONTANA 0,WilliamsForMT,09/08/2020 18:48:58,"It is unacceptable that some pay $2,000 a month with a $10,000 deductible; or sacrifice food or utilities to pay for medicine. We have to do better.¬†#mtal #mtpol",161,10,4,2,79,False,0,False,False,null,,null,0,"mtal,mtpol",2
1303374160974946304,Kathleen Williams,False,False,D,MONTANA 0,WilliamsForMT,09/08/2020 16:46:30,"""I had the privilege to meet with Kathleen Williams on multiple occasions while she was in the state Legislature &amp; found her to be an intelligent, thoughtful person who understood the concerns of the hunters, anglers &amp; recreationists of the state."" #mtal 
https://t.co/fL4aBJWeCg",287,4,1,0,15,False,0,False,False,null,,null,0,mtal,1
1303061603663847424,Kathleen Williams,False,False,D,MONTANA 0,WilliamsForMT,09/07/2020 20:04:30,It's time to stop rewarding the healthcare system for the amount of care they provide and start rewarding the quality of that care.,131,4,1,1,48,False,0,False,False,null,,null,0,null,0
1303032339841179648,Kathleen Williams,False,False,D,MONTANA 0,WilliamsForMT,09/07/2020 18:08:13,"""We need a congresswoman willing to defend our ownership of those lands, and to direct financial resources towards their proper management and conservation.""  #mtal #mtpol https://t.co/WcEDa3FGZe",195,18,0,1,51,False,0,False,False,null,,null,0,"mtal,mtpol",2
1303005035769470976,Kathleen Williams,False,False,D,MONTANA 0,WilliamsForMT,09/07/2020 16:19:43,"Happy Labor Day! Today we celebrate the hardworking union members, factory workers, farm workers, ranch hands and all those who clock in who helped build the country we love. In Congress, I'll fight for workers and their families, not special interests.",253,13,1,0,54,False,0,False,False,null,,null,0,null,0
1302797393549639680,Kathleen Williams,False,False,D,MONTANA 0,WilliamsForMT,09/07/2020 02:34:38,"Grateful for our firefighters. Please stay safe, everyone. #mtpol #mtal

https://t.co/EyaKMWt3sh",96,8,1,0,37,False,0,False,False,null,,null,0,"mtpol,mtal",2
1302788678239035393,Kathleen Williams,False,False,D,MONTANA 0,WilliamsForMT,09/07/2020 02:00:00,Thank you to Barb from Rollins for this great watercolor painting! It's time to get Jeannette her long overdue successor. #mtal #mtpol https://t.co/Y9h4OIZApv,158,8,0,1,62,True,1,False,False,null,,null,0,"mtal,mtpol",2
1302730673514450944,Kathleen Williams,False,False,D,MONTANA 0,WilliamsForMT,09/06/2020 22:09:30,"""I am voting for Kathleen Williams because we need a representative who is willing to reach across party lines to find solutions.""#mtal #mtpol 
https://t.co/xl87cCsnJv",167,5,1,0,20,False,0,False,False,null,,null,0,"mtal,mtpol",2
1302368989067145216,Kathleen Williams,False,False,D,MONTANA 0,WilliamsForMT,09/05/2020 22:12:18,"I'm the daughter of a WWII vet&amp; wife of a Vietnam-era vet. From ensuring veterans have affordable,quality healthcare to making military families more financially stable, I'll be the independent representative they deserve&amp; I'll always remember &amp;honor their sacrifices #mtal #mtpol",292,21,2,2,68,False,0,False,False,null,,null,0,"mtal,mtpol",2
1302343321256251392,Kathleen Williams,False,False,D,MONTANA 0,WilliamsForMT,09/05/2020 20:30:18,"""She remains a strong voice for affordable health care, and isn‚Äôt seeking office to benefit her own well-being, but instead to benefit the well-being of all us who live in this great state."" #mtal #mtpol ¬†https://t.co/VoVfxzY5YG",228,7,0,1,28,False,0,False,False,null,,null,0,"mtal,mtpol",2
1302048448603021313,Kathleen Williams,False,False,D,MONTANA 0,WilliamsForMT,09/05/2020 00:58:35,"Thank you to the Little Shell for having us tonight! It‚Äôs good to be back on the road with friends, and talking to Montanans about our future. #mtal #mtpol https://t.co/cG2Bjw0l21",179,14,0,2,78,True,3,False,False,null,,null,0,"mtal,mtpol",2
1301906391179751425,Kathleen Williams,False,False,D,MONTANA 0,WilliamsForMT,09/04/2020 15:34:06,"2/2 Honoring our veterans is what we do as Americans and what we should expect from our leaders. I will continue to lead by example in supporting our veterans, thanking them for their service and mourning those we have lost.",224,1,1,0,25,False,0,False,False,WilliamsForMT,1301906390143827968,null,0,null,0
1301906390143827968,Kathleen Williams,False,False,D,MONTANA 0,WilliamsForMT,09/04/2020 15:34:06,"1/ My father served in WWII, and my husband was a Vietnam era veteran. #mtal #mtpol
https://t.co/ZlNygT6xNN",107,12,3,0,47,False,0,False,False,null,,null,0,"mtal,mtpol",2
1301633547137024000,Kathleen Williams,False,False,D,MONTANA 0,WilliamsForMT,09/03/2020 21:29:55,"I am &amp; always have been committed to helping veterans. In the Legislature, I voted for a home loan program for veterans that helped hundreds of veterans &amp;Gold Star families buy homes. In Congress I'll continue to work on improving the lives &amp; well-being of veterans. 
#mtal #mtpol",292,7,0,0,32,False,0,False,False,null,,null,0,"mtal,mtpol",2
1301619615424942080,Kathleen Williams,False,False,D,MONTANA 0,WilliamsForMT,09/03/2020 20:34:33,"Happy Birthday to my friend and the future Governor of Montana,¬†@CooneyforMT!¬†Wishing you all the best on this special day!#mtal #mtpol https://t.co/QYjZHLTe7R",159,23,1,0,148,True,1,False,False,null,,CooneyforMT,1,"mtal,mtpol",2
